system,protocol,source,target,held_out,seeds,macro_f1_mean,macro_f1_std,macro_f1_ci95_lo,macro_f1_ci95_hi,accuracy_mean,recall_class_1_mean,ece_mean,ece_temperature_scaled_mean,n_eval_clean
fgm,loco,banglasarc_binary+banglasarc3_binary,banglasarc3_binary,False,5,0.7515711329634301,0.009507823021071752,0.7397656114168724,0.7633766545099879,0.7527180783817953,0.7129113924050633,0.06527380837841777,0.036348691213962996,791
fgm,loco,ben_sarc_binary+banglasarc3_binary,banglasarc3_binary,False,5,0.7384372211693008,0.009609550459540196,0.7265053883247673,0.7503690540138342,0.7388116308470292,0.7716455696202532,0.09012529346767946,0.041041065649580974,791
fgm,loco,ben_sarc_binary+banglasarc_binary,banglasarc3_binary,True,5,0.6386494032148768,0.017338642486211215,0.6171206350620221,0.6601781713677316,0.6396325459317586,0.5872122762148337,0.1833023169475867,0.15304537409399477,762
fgm,loco,banglasarc_binary+banglasarc3_binary,banglasarc_binary,False,5,0.9258182857384432,0.008907517822660456,0.9147581415446873,0.936878429932199,0.9297413793103448,0.9771084337349398,0.03548537175214334,0.04630328420031656,464
fgm,loco,ben_sarc_binary+banglasarc3_binary,banglasarc_binary,True,5,0.6207330308742962,0.030223430584535974,0.5832056852152673,0.6582603765333251,0.6463302752293578,0.5132530120481927,0.19416569610023166,0.13806689912733128,436
fgm,loco,ben_sarc_binary+banglasarc_binary,banglasarc_binary,False,5,0.8639394856288009,0.01750658203806498,0.8422021929805349,0.8856767782770668,0.8685344827586207,0.9554216867469879,0.0632646633402381,0.06765747587296536,464
fgm,loco,banglasarc_binary+banglasarc3_binary,ben_sarc_binary,True,5,0.508679453313323,0.009503759008837301,0.496878977904445,0.520479928722201,0.5635583300819352,0.22979719188767547,0.3480674393480999,0.32498164274388375,2563
fgm,loco,ben_sarc_binary+banglasarc3_binary,ben_sarc_binary,False,5,0.797822597993554,0.0039333301975107106,0.7929387234942573,0.8027064724928508,0.7978930940304332,0.7964118564742589,0.056707959324699665,0.019582419853610818,2563
fgm,loco,ben_sarc_binary+banglasarc_binary,ben_sarc_binary,False,5,0.7918282379618038,0.005412765978511702,0.7851074013155837,0.7985490746080239,0.7921966445571595,0.7806552262090484,0.045252091385338984,0.0193736738546437,2563
fgm,pooled_all,ben_sarc_binary+banglasarc_binary+banglasarc3_binary,banglasarc3_binary,False,5,0.7377277124227891,0.00978134182028318,0.7255825724304186,0.7498728524151597,0.7380530973451327,0.709873417721519,0.07947723145061227,0.04239772051134086,791
fgm,pooled_all,ben_sarc_binary+banglasarc_binary+banglasarc3_binary,banglasarc_binary,False,5,0.8621949842610664,0.0051210963935394435,0.8558363032378774,0.8685536652842555,0.8672413793103448,0.9445783132530121,0.053125946856885875,0.05364649043049219,464
fgm,pooled_all,ben_sarc_binary+banglasarc_binary+banglasarc3_binary,ben_sarc_binary,False,5,0.7879962700744549,0.0032360228612524572,0.7839782169902734,0.7920143231586365,0.7882169332813109,0.7569422776911077,0.040843890433423256,0.01448971615190646,2563
vanilla,loco,banglasarc_binary+banglasarc3_binary,banglasarc3_binary,False,5,0.7458149233235124,0.012504537704601176,0.7302884890415275,0.7613413576054973,0.7471554993678888,0.6962025316455696,0.1225974671450996,0.06364736071454871,791
vanilla,loco,ben_sarc_binary+banglasarc3_binary,banglasarc3_binary,False,5,0.7319640697310494,0.009565322297097981,0.7200871534035271,0.7438409860585717,0.7324905183312264,0.7240506329113925,0.09028020079608955,0.047721830528758294,791
vanilla,loco,ben_sarc_binary+banglasarc_binary,banglasarc3_binary,True,5,0.6470233642033223,0.012344216008932478,0.6316959955989803,0.6623507328076643,0.6485564304461942,0.5800511508951407,0.22400974196271356,0.14911683593844322,762
vanilla,loco,banglasarc_binary+banglasarc3_binary,banglasarc_binary,False,5,0.9221153804923128,0.013302828503164957,0.905597737265654,0.9386330237189716,0.9262931034482758,0.9686746987951806,0.04966162617529298,0.06922962467010266,464
vanilla,loco,ben_sarc_binary+banglasarc3_binary,banglasarc_binary,True,5,0.5942174827806314,0.027574183016910777,0.5599796124486516,0.6284553531126111,0.626605504587156,0.4602409638554216,0.1982333092464369,0.1546997141829314,436
vanilla,loco,ben_sarc_binary+banglasarc_binary,banglasarc_binary,False,5,0.8691403201507985,0.017777561788319678,0.8470665617023989,0.891214078599198,0.8741379310344828,0.9469879518072288,0.06790050615632034,0.07382837933058707,464
vanilla,loco,banglasarc_binary+banglasarc3_binary,ben_sarc_binary,True,5,0.5017854816928706,0.017227861333157266,0.4803942665094425,0.5231766968762988,0.5603589543503705,0.21887675507020274,0.3667255528494587,0.31716421761150465,2563
vanilla,loco,ben_sarc_binary+banglasarc3_binary,ben_sarc_binary,False,5,0.7940309539283407,0.006653833052508854,0.7857691289769821,0.8022927788796992,0.7944596176355834,0.7839313572542902,0.04707524145905302,0.0215750365547833,2563
vanilla,loco,ben_sarc_binary+banglasarc_binary,ben_sarc_binary,False,5,0.7889891190374199,0.010529555781719614,0.7759149487061803,0.8020632893686594,0.7893094030433087,0.7633385335413416,0.09202383732445693,0.027305215023038974,2563
vanilla,pooled_all,ben_sarc_binary+banglasarc_binary+banglasarc3_binary,banglasarc3_binary,False,5,0.7384916480974388,0.0022589036263680378,0.7356868487891657,0.741296447405712,0.7390644753476611,0.7017721518987342,0.09441058056170377,0.043661923436315545,791
vanilla,pooled_all,ben_sarc_binary+banglasarc_binary+banglasarc3_binary,banglasarc_binary,False,5,0.8714761543230051,0.004045617504950813,0.8664528567166047,0.8764994519294055,0.8762931034482758,0.9542168674698794,0.0476743439551962,0.055794417153947874,464
vanilla,pooled_all,ben_sarc_binary+banglasarc_binary+banglasarc3_binary,ben_sarc_binary,False,5,0.7862094253462903,0.004870629324561447,0.7801617402653869,0.7922571104271938,0.7865001950838861,0.753198127925117,0.06303705823416242,0.02079291654500142,2563
