tag,system,source,source_corpora,target,seed,held_out,n_sources,model_name,n_eval_total,n_removed_train_seen,n_removed_all_source,n_eval_clean,test_macro_f1,test_accuracy,test_weighted_f1,test_precision_macro,test_recall_macro,test_recall_class_0,test_recall_class_1,temperature,ece,ece_temperature_scaled,brier,brier_temperature_scaled,confusion_matrix,prediction_path,config_hash,protocol,held_out_corpus,val_macro_f1,val_accuracy,train_seconds
B,vanilla,banglasarc_binary+banglasarc3_binary,"[""banglasarc_binary"", ""banglasarc3_binary""]",ben_sarc_binary,42,True,2,csebuetnlp/banglabert,2563,0,0,2563,0.508224047440529,0.5606710885680842,0.508161386698441,0.6061247656339681,0.5607985911942333,0.8875878220140515,0.2340093603744149,1.1787198425212733,0.3576893295026653,0.33728492052663,0.7743492676426369,0.7471725568246278,"[[1137, 144], [982, 300]]",04_outputs/predictions/19_loco_pooled/19_B_vanilla_banglasarc_binary+banglasarc3_binary_seed42_to_ben_sarc_binary.csv,6970de89ef36b0ad,loco,ben_sarc_binary,0.8166932318473217,0.817384370015949,90.18202471733092
B,vanilla,banglasarc_binary+banglasarc3_binary,"[""banglasarc_binary"", ""banglasarc3_binary""]",banglasarc_binary,42,False,2,csebuetnlp/banglabert,464,0,0,464,0.9137715179968702,0.918103448275862,0.919269737197129,0.9056891943489882,0.929570631519366,0.889261744966443,0.9698795180722892,1.1787198425212733,0.0394215339890995,0.0501189701720099,0.1170122011536371,0.1152554990854114,"[[265, 33], [5, 161]]",04_outputs/predictions/19_loco_pooled/19_B_vanilla_banglasarc_binary+banglasarc3_binary_seed42_to_banglasarc_binary.csv,6970de89ef36b0ad,loco,ben_sarc_binary,0.8166932318473217,0.817384370015949,90.18202471733092
B,vanilla,banglasarc_binary+banglasarc3_binary,"[""banglasarc_binary"", ""banglasarc3_binary""]",banglasarc3_binary,42,False,2,csebuetnlp/banglabert,791,0,0,791,0.749616314315313,0.7496839443742098,0.74961111200309,0.7499967997542212,0.7497059199590845,0.7323232323232324,0.7670886075949367,1.1787198425212733,0.0815702586570697,0.0620703957118982,0.3517125715692131,0.3443389779816511,"[[290, 106], [92, 303]]",04_outputs/predictions/19_loco_pooled/19_B_vanilla_banglasarc_binary+banglasarc3_binary_seed42_to_banglasarc3_binary.csv,6970de89ef36b0ad,loco,ben_sarc_binary,0.8166932318473217,0.817384370015949,90.18202471733092
B,vanilla,banglasarc_binary+banglasarc3_binary,"[""banglasarc_binary"", ""banglasarc3_binary""]",ben_sarc_binary,1,True,2,csebuetnlp/banglabert,2563,0,0,2563,0.5213688296419334,0.5673039406944986,0.5213109768572325,0.6095219443488307,0.5674248984010882,0.87743950039032,0.2574102964118565,0.9285018868059448,0.2857070569801591,0.2961074901665717,0.6855083592721422,0.6987053767859088,"[[1124, 157], [952, 330]]",04_outputs/predictions/19_loco_pooled/19_B_vanilla_banglasarc_binary+banglasarc3_binary_seed1_to_ben_sarc_binary.csv,6970de89ef36b0ad,loco,ben_sarc_binary,0.7996451366055888,0.803030303030303,60.194029569625854
B,vanilla,banglasarc_binary+banglasarc3_binary,"[""banglasarc_binary"", ""banglasarc3_binary""]",banglasarc_binary,1,False,2,csebuetnlp/banglabert,464,0,0,464,0.9248848401006636,0.9288793103448276,0.9298125977850528,0.9167577623075004,0.9392940891081104,0.9026845637583892,0.9759036144578314,0.9285018868059448,0.0739043111289388,0.071099731205239,0.1078021154052084,0.1054736144947913,"[[269, 29], [4, 162]]",04_outputs/predictions/19_loco_pooled/19_B_vanilla_banglasarc_binary+banglasarc3_binary_seed1_to_banglasarc_binary.csv,6970de89ef36b0ad,loco,ben_sarc_binary,0.7996451366055888,0.803030303030303,60.194029569625854
B,vanilla,banglasarc_binary+banglasarc3_binary,"[""banglasarc_binary"", ""banglasarc3_binary""]",banglasarc3_binary,1,False,2,csebuetnlp/banglabert,791,0,0,791,0.7362623270367663,0.7370417193426043,0.7362804524392277,0.7397421966962888,0.7369741721007543,0.7904040404040404,0.6835443037974683,0.9285018868059448,0.0473879704088397,0.0497104828304797,0.3690873109832267,0.371248829499443,"[[313, 83], [125, 270]]",04_outputs/predictions/19_loco_pooled/19_B_vanilla_banglasarc_binary+banglasarc3_binary_seed1_to_banglasarc3_binary.csv,6970de89ef36b0ad,loco,ben_sarc_binary,0.7996451366055888,0.803030303030303,60.194029569625854
B,vanilla,banglasarc_binary+banglasarc3_binary,"[""banglasarc_binary"", ""banglasarc3_binary""]",ben_sarc_binary,7,True,2,csebuetnlp/banglabert,2563,0,0,2563,0.4802256537247304,0.555598907530238,0.4801484270302575,0.6329349925220346,0.5557475694812336,0.936768149882904,0.1747269890795632,1.7544913352633742,0.3925254735270028,0.3175777490201575,0.8214225549407528,0.7165264374782542,"[[1200, 81], [1058, 224]]",04_outputs/predictions/19_loco_pooled/19_B_vanilla_banglasarc_binary+banglasarc3_binary_seed7_to_ben_sarc_binary.csv,6970de89ef36b0ad,loco,ben_sarc_binary,0.803069996471495,0.8094098883572568,107.22565150260924
B,vanilla,banglasarc_binary+banglasarc3_binary,"[""banglasarc_binary"", ""banglasarc3_binary""]",banglasarc_binary,7,False,2,csebuetnlp/banglabert,464,0,0,464,0.9420483895946884,0.9461206896551724,0.9464186628303296,0.9375877409787444,0.9473801245249454,0.9429530201342282,0.9518072289156626,1.7544913352633742,0.034168620620193,0.0951480650135276,0.0887292190318706,0.0916108719394746,"[[281, 17], [8, 158]]",04_outputs/predictions/19_loco_pooled/19_B_vanilla_banglasarc_binary+banglasarc3_binary_seed7_to_banglasarc_binary.csv,6970de89ef36b0ad,loco,ben_sarc_binary,0.803069996471495,0.8094098883572568,107.22565150260924
B,vanilla,banglasarc_binary+banglasarc3_binary,"[""banglasarc_binary"", ""banglasarc3_binary""]",banglasarc3_binary,7,False,2,csebuetnlp/banglabert,791,0,0,791,0.7295647247294182,0.7345132743362832,0.7296109728565853,0.7526640841478377,0.7343434343434343,0.8686868686868687,0.6,1.7544913352633742,0.1575994705049295,0.074760925037111,0.4169090570943966,0.3725039881625804,"[[344, 52], [158, 237]]",04_outputs/predictions/19_loco_pooled/19_B_vanilla_banglasarc_binary+banglasarc3_binary_seed7_to_banglasarc3_binary.csv,6970de89ef36b0ad,loco,ben_sarc_binary,0.803069996471495,0.8094098883572568,107.22565150260924
B,vanilla,banglasarc_binary+banglasarc3_binary,"[""banglasarc_binary"", ""banglasarc3_binary""]",ben_sarc_binary,123,True,2,csebuetnlp/banglabert,2563,0,0,2563,0.4875658423273922,0.5493562231759657,0.4874964149331803,0.5957048084667449,0.5494917923180628,0.8969555035128806,0.2020280811232449,2.247790518315027,0.4209202142578181,0.3236127049028944,0.857243932557764,0.7155131500911662,"[[1149, 132], [1023, 259]]",04_outputs/predictions/19_loco_pooled/19_B_vanilla_banglasarc_binary+banglasarc3_binary_seed123_to_ben_sarc_binary.csv,6970de89ef36b0ad,loco,ben_sarc_binary,0.8233110788134268,0.8253588516746412,137.06866598129272
B,vanilla,banglasarc_binary+banglasarc3_binary,"[""banglasarc_binary"", ""banglasarc3_binary""]",banglasarc_binary,123,False,2,csebuetnlp/banglabert,464,0,0,464,0.906868816425239,0.9116379310344828,0.9128642747911454,0.8990019692943043,0.9218686827848306,0.8859060402684564,0.9578313253012049,2.247790518315027,0.0622850734530107,0.0704594208342381,0.1468228113338289,0.1318917983009199,"[[264, 34], [7, 159]]",04_outputs/predictions/19_loco_pooled/19_B_vanilla_banglasarc_binary+banglasarc3_binary_seed123_to_banglasarc_binary.csv,6970de89ef36b0ad,loco,ben_sarc_binary,0.8233110788134268,0.8253588516746412,137.06866598129272
B,vanilla,banglasarc_binary+banglasarc3_binary,"[""banglasarc_binary"", ""banglasarc3_binary""]",banglasarc3_binary,123,False,2,csebuetnlp/banglabert,791,0,0,791,0.7594282238442822,0.7597977243994943,0.7594401432170309,0.7613029776834523,0.759749392660785,0.797979797979798,0.7215189873417721,2.247790518315027,0.1769359722174803,0.0617684462777508,0.4017399097301367,0.3389307369751384,"[[316, 80], [110, 285]]",04_outputs/predictions/19_loco_pooled/19_B_vanilla_banglasarc_binary+banglasarc3_binary_seed123_to_banglasarc3_binary.csv,6970de89ef36b0ad,loco,ben_sarc_binary,0.8233110788134268,0.8253588516746412,137.06866598129272
B,vanilla,banglasarc_binary+banglasarc3_binary,"[""banglasarc_binary"", ""banglasarc3_binary""]",ben_sarc_binary,2024,True,2,csebuetnlp/banglabert,2563,0,0,2563,0.5115430353297683,0.5688646117830667,0.5114777487962224,0.6301718592041172,0.5689983571239805,0.9117876658860266,0.2262090483619344,1.735057386225728,0.3767856899796479,0.3112382234412699,0.7948942587338951,0.7107680496974522,"[[1168, 113], [992, 290]]",04_outputs/predictions/19_loco_pooled/19_B_vanilla_banglasarc_binary+banglasarc3_binary_seed2024_to_ben_sarc_binary.csv,6970de89ef36b0ad,loco,ben_sarc_binary,0.8134307161696084,0.8157894736842105,100.47597217559814
B,vanilla,banglasarc_binary+banglasarc3_binary,"[""banglasarc_binary"", ""banglasarc3_binary""]",banglasarc_binary,2024,False,2,csebuetnlp/banglabert,464,0,0,464,0.9230033383441032,0.9267241379310344,0.9278184907507202,0.9146360036551936,0.9402846284466726,0.8926174496644296,0.9879518072289156,1.735057386225728,0.0385285916852229,0.0593219361254987,0.109671008317961,0.1059188707423873,"[[266, 32], [2, 164]]",04_outputs/predictions/19_loco_pooled/19_B_vanilla_banglasarc_binary+banglasarc3_binary_seed2024_to_banglasarc_binary.csv,6970de89ef36b0ad,loco,ben_sarc_binary,0.8134307161696084,0.8157894736842105,100.47597217559814
B,vanilla,banglasarc_binary+banglasarc3_binary,"[""banglasarc_binary"", ""banglasarc3_binary""]",banglasarc3_binary,2024,False,2,csebuetnlp/banglabert,791,0,0,791,0.7542030266917823,0.7547408343868521,0.7542175620348923,0.7568702929949448,0.7546829049993606,0.8005050505050505,0.7088607594936709,1.735057386225728,0.1494936639371789,0.0699265537155038,0.3917678814236014,0.3533786383780217,"[[317, 79], [115, 280]]",04_outputs/predictions/19_loco_pooled/19_B_vanilla_banglasarc_binary+banglasarc3_binary_seed2024_to_banglasarc3_binary.csv,6970de89ef36b0ad,loco,ben_sarc_binary,0.8134307161696084,0.8157894736842105,100.47597217559814
B,vanilla,ben_sarc_binary+banglasarc3_binary,"[""ben_sarc_binary"", ""banglasarc3_binary""]",ben_sarc_binary,42,False,2,csebuetnlp/banglabert,2563,0,0,2563,0.7990591924735397,0.7990635973468592,0.7990588254007631,0.7990939573201403,0.7990655457600038,0.8040593286494926,0.7940717628705148,1.2638954197826144,0.0405608007055609,0.0169208631467454,0.2880482351066177,0.284492371079221,"[[1030, 251], [264, 1018]]",04_outputs/predictions/19_loco_pooled/19_B_vanilla_ben_sarc_binary+banglasarc3_binary_seed42_to_ben_sarc_binary.csv,6970de89ef36b0ad,loco,banglasarc_binary,0.7861616462869072,0.7861616462869072,204.82635068893435
B,vanilla,ben_sarc_binary+banglasarc3_binary,"[""ben_sarc_binary"", ""banglasarc3_binary""]",banglasarc_binary,42,True,2,csebuetnlp/banglabert,464,24,28,436,0.6267948550794469,0.6536697247706422,0.6506836281382871,0.6296334788332294,0.6252342704149934,0.7444444444444445,0.5060240963855421,1.2638954197826144,0.1739529540728824,0.1394729339015851,0.4901049058624699,0.4646432408819054,"[[201, 69], [82, 84]]",04_outputs/predictions/19_loco_pooled/19_B_vanilla_ben_sarc_binary+banglasarc3_binary_seed42_to_banglasarc_binary.csv,6970de89ef36b0ad,loco,banglasarc_binary,0.7861616462869072,0.7861616462869072,204.82635068893435
B,vanilla,ben_sarc_binary+banglasarc3_binary,"[""ben_sarc_binary"", ""banglasarc3_binary""]",banglasarc3_binary,42,False,2,csebuetnlp/banglabert,791,0,0,791,0.7307137206012801,0.7307206068268015,0.7307119990448999,0.730757672634271,0.7307281677534843,0.7247474747474747,0.7367088607594937,1.2638954197826144,0.0859951718009817,0.0579592890484687,0.3658183068708897,0.3537680788880062,"[[287, 109], [104, 291]]",04_outputs/predictions/19_loco_pooled/19_B_vanilla_ben_sarc_binary+banglasarc3_binary_seed42_to_banglasarc3_binary.csv,6970de89ef36b0ad,loco,banglasarc_binary,0.7861616462869072,0.7861616462869072,204.82635068893435
B,vanilla,ben_sarc_binary+banglasarc3_binary,"[""ben_sarc_binary"", ""banglasarc3_binary""]",ben_sarc_binary,1,False,2,csebuetnlp/banglabert,2563,0,0,2563,0.7920505244526317,0.7928209129925868,0.792045586064555,0.7972783186524494,0.792844781706959,0.8540202966432474,0.7316692667706708,1.386222019582469,0.0450372249650375,0.0208730412094265,0.2994455393144232,0.2946264041991632,"[[1094, 187], [344, 938]]",04_outputs/predictions/19_loco_pooled/19_B_vanilla_ben_sarc_binary+banglasarc3_binary_seed1_to_ben_sarc_binary.csv,6970de89ef36b0ad,loco,banglasarc_binary,0.7749304472513097,0.7757232329257382,199.7326891422272
B,vanilla,ben_sarc_binary+banglasarc3_binary,"[""ben_sarc_binary"", ""banglasarc3_binary""]",banglasarc_binary,1,True,2,csebuetnlp/banglabert,464,24,28,436,0.5577460082579536,0.6100917431192661,0.5940390510951302,0.5707805907172996,0.5598839803659081,0.7703703703703704,0.3493975903614458,1.386222019582469,0.2248241929133995,0.1739265040043998,0.5622359143505189,0.5152243599582426,"[[208, 62], [108, 58]]",04_outputs/predictions/19_loco_pooled/19_B_vanilla_ben_sarc_binary+banglasarc3_binary_seed1_to_banglasarc_binary.csv,6970de89ef36b0ad,loco,banglasarc_binary,0.7749304472513097,0.7757232329257382,199.7326891422272
B,vanilla,ben_sarc_binary+banglasarc3_binary,"[""ben_sarc_binary"", ""banglasarc3_binary""]",banglasarc3_binary,1,False,2,csebuetnlp/banglabert,791,0,0,791,0.7163356313632029,0.718078381795196,0.7163637402411384,0.7233814646418324,0.7179804372842347,0.7954545454545454,0.640506329113924,1.386222019582469,0.096935991110684,0.0508829162786705,0.3753807758106278,0.3602189143774353,"[[315, 81], [142, 253]]",04_outputs/predictions/19_loco_pooled/19_B_vanilla_ben_sarc_binary+banglasarc3_binary_seed1_to_banglasarc3_binary.csv,6970de89ef36b0ad,loco,banglasarc_binary,0.7749304472513097,0.7757232329257382,199.7326891422272
B,vanilla,ben_sarc_binary+banglasarc3_binary,"[""ben_sarc_binary"", ""banglasarc3_binary""]",ben_sarc_binary,7,False,2,csebuetnlp/banglabert,2563,0,0,2563,0.7840675687060794,0.7850175575497463,0.784073156875748,0.7900663273653992,0.7849917977983756,0.7189695550351288,0.8510140405616224,1.0547074331826063,0.0201962847848645,0.0286194693773094,0.2942230100408665,0.2945371512015735,"[[921, 360], [191, 1091]]",04_outputs/predictions/19_loco_pooled/19_B_vanilla_ben_sarc_binary+banglasarc3_binary_seed7_to_ben_sarc_binary.csv,6970de89ef36b0ad,loco,banglasarc_binary,0.7731646998148031,0.7742320310169997,152.46874403953552
B,vanilla,ben_sarc_binary+banglasarc3_binary,"[""ben_sarc_binary"", ""banglasarc3_binary""]",banglasarc_binary,7,True,2,csebuetnlp/banglabert,464,24,28,436,0.5998251748251748,0.6146788990825688,0.618215500096234,0.5993118279569892,0.6030343596608657,0.6518518518518519,0.5542168674698795,1.0547074331826063,0.1491601049431325,0.1427264791780307,0.4944947746926529,0.4887134702786072,"[[176, 94], [74, 92]]",04_outputs/predictions/19_loco_pooled/19_B_vanilla_ben_sarc_binary+banglasarc3_binary_seed7_to_banglasarc_binary.csv,6970de89ef36b0ad,loco,banglasarc_binary,0.7731646998148031,0.7742320310169997,152.46874403953552
B,vanilla,ben_sarc_binary+banglasarc3_binary,"[""ben_sarc_binary"", ""banglasarc3_binary""]",banglasarc3_binary,7,False,2,csebuetnlp/banglabert,791,0,0,791,0.733798076923077,0.7345132743362832,0.7337806330837305,0.7371911724779894,0.7345799769850403,0.6818181818181818,0.7873417721518987,1.0547074331826063,0.053493343057981,0.0470083235382122,0.3656260874870189,0.3638291370920858,"[[270, 126], [84, 311]]",04_outputs/predictions/19_loco_pooled/19_B_vanilla_ben_sarc_binary+banglasarc3_binary_seed7_to_banglasarc3_binary.csv,6970de89ef36b0ad,loco,banglasarc_binary,0.7731646998148031,0.7742320310169997,152.46874403953552
B,vanilla,ben_sarc_binary+banglasarc3_binary,"[""ben_sarc_binary"", ""banglasarc3_binary""]",ben_sarc_binary,123,False,2,csebuetnlp/banglabert,2563,0,0,2563,0.7939739837244602,0.7943815840811549,0.7939704082827348,0.796768156294272,0.7943990593347388,0.8391881342701015,0.749609984399376,1.8369481650668051,0.085135799842499,0.0161319031774812,0.3146835733445045,0.2970004630722176,"[[1075, 206], [321, 961]]",04_outputs/predictions/19_loco_pooled/19_B_vanilla_ben_sarc_binary+banglasarc3_binary_seed123_to_ben_sarc_binary.csv,6970de89ef36b0ad,loco,banglasarc_binary,0.7738921434717397,0.7742320310169997,278.0258777141571
B,vanilla,ben_sarc_binary+banglasarc3_binary,"[""ben_sarc_binary"", ""banglasarc3_binary""]",banglasarc_binary,123,True,2,csebuetnlp/banglabert,464,24,28,436,0.6109244891579276,0.6399082568807339,0.6362548407812205,0.6140234692691995,0.6094823739402053,0.737037037037037,0.4819277108433735,1.8369481650668051,0.2289389611515818,0.1525634040135885,0.5467600200271907,0.4657217353626983,"[[199, 71], [86, 80]]",04_outputs/predictions/19_loco_pooled/19_B_vanilla_ben_sarc_binary+banglasarc3_binary_seed123_to_banglasarc_binary.csv,6970de89ef36b0ad,loco,banglasarc_binary,0.7738921434717397,0.7742320310169997,278.0258777141571
B,vanilla,ben_sarc_binary+banglasarc3_binary,"[""ben_sarc_binary"", ""banglasarc3_binary""]",banglasarc3_binary,123,False,2,csebuetnlp/banglabert,791,0,0,791,0.7381385329156012,0.7383059418457648,0.7381469033621092,0.738855421686747,0.7382751566295871,0.7626262626262627,0.7139240506329114,1.8369481650668051,0.1227321681417142,0.0421089668587441,0.3875058912861452,0.3529869616735923,"[[302, 94], [113, 282]]",04_outputs/predictions/19_loco_pooled/19_B_vanilla_ben_sarc_binary+banglasarc3_binary_seed123_to_banglasarc3_binary.csv,6970de89ef36b0ad,loco,banglasarc_binary,0.7738921434717397,0.7742320310169997,278.0258777141571
B,vanilla,ben_sarc_binary+banglasarc3_binary,"[""ben_sarc_binary"", ""banglasarc3_binary""]",ben_sarc_binary,2024,False,2,csebuetnlp/banglabert,2563,0,0,2563,0.8010035002849919,0.8010144362075693,0.8010029247101194,0.8010871193803133,0.801017450534087,0.8087431693989071,0.7932917316692668,1.3668376670358056,0.0444460969973032,0.025329905862954,0.2852620044303726,0.280618362694599,"[[1036, 245], [265, 1017]]",04_outputs/predictions/19_loco_pooled/19_B_vanilla_ben_sarc_binary+banglasarc3_binary_seed2024_to_ben_sarc_binary.csv,6970de89ef36b0ad,loco,banglasarc_binary,0.784667207474534,0.7846704443781688,211.87148237228396
B,vanilla,ben_sarc_binary+banglasarc3_binary,"[""ben_sarc_binary"", ""banglasarc3_binary""]",banglasarc_binary,2024,True,2,csebuetnlp/banglabert,464,24,28,436,0.5757968865826538,0.6146788990825688,0.6064311994613748,0.5819472813928607,0.5751896474788041,0.7407407407407407,0.4096385542168674,1.3668376670358056,0.2142903331511884,0.1648092498170529,0.5578432764345138,0.5132406002550924,"[[200, 70], [98, 68]]",04_outputs/predictions/19_loco_pooled/19_B_vanilla_ben_sarc_binary+banglasarc3_binary_seed2024_to_banglasarc_binary.csv,6970de89ef36b0ad,loco,banglasarc_binary,0.784667207474534,0.7846704443781688,211.87148237228396
B,vanilla,ben_sarc_binary+banglasarc3_binary,"[""ben_sarc_binary"", ""banglasarc3_binary""]",banglasarc3_binary,2024,False,2,csebuetnlp/banglabert,791,0,0,791,0.7408343868520859,0.7408343868520859,0.7408343868520859,0.7408355708988621,0.7408355708988621,0.73989898989899,0.7417721518987341,1.3668376670358056,0.0922443298690868,0.040649656919696,0.3675336399741128,0.3525340596912784,"[[293, 103], [102, 293]]",04_outputs/predictions/19_loco_pooled/19_B_vanilla_ben_sarc_binary+banglasarc3_binary_seed2024_to_banglasarc3_binary.csv,6970de89ef36b0ad,loco,banglasarc_binary,0.784667207474534,0.7846704443781688,211.87148237228396
B,vanilla,ben_sarc_binary+banglasarc_binary,"[""ben_sarc_binary"", ""banglasarc_binary""]",ben_sarc_binary,42,False,2,csebuetnlp/banglabert,2563,0,0,2563,0.7967016696727749,0.796722590714007,0.7967008650173429,0.7968535643359285,0.7967266700035682,0.8071818891491023,0.7862714508580343,1.244245367068998,0.0488514193596851,0.022520797653266,0.2889176832548177,0.2842254045306203,"[[1034, 247], [274, 1008]]",04_outputs/predictions/19_loco_pooled/19_B_vanilla_ben_sarc_binary+banglasarc_binary_seed42_to_ben_sarc_binary.csv,6970de89ef36b0ad,loco,banglasarc3_binary,0.8050676236384219,0.8052892561983471,189.4634871482849
B,vanilla,ben_sarc_binary+banglasarc_binary,"[""ben_sarc_binary"", ""banglasarc_binary""]",banglasarc_binary,42,False,2,csebuetnlp/banglabert,464,0,0,464,0.8521979188787427,0.8577586206896551,0.8603536148680808,0.8467548076923077,0.8732513948411094,0.8187919463087249,0.927710843373494,1.244245367068998,0.0461281813898669,0.0485903758782801,0.1959190240100604,0.1909827580875951,"[[244, 54], [12, 154]]",04_outputs/predictions/19_loco_pooled/19_B_vanilla_ben_sarc_binary+banglasarc_binary_seed42_to_banglasarc_binary.csv,6970de89ef36b0ad,loco,banglasarc3_binary,0.8050676236384219,0.8052892561983471,189.4634871482849
B,vanilla,ben_sarc_binary+banglasarc_binary,"[""ben_sarc_binary"", ""banglasarc_binary""]",banglasarc3_binary,42,True,2,csebuetnlp/banglabert,791,25,29,762,0.6351680903830257,0.6351706036745407,0.6351429574678751,0.6357185709261672,0.635677404678032,0.6549865229110512,0.6163682864450127,1.244245367068998,0.1920375776592741,0.1559511177156747,0.5147163011747253,0.4868318796222621,"[[243, 128], [150, 241]]",04_outputs/predictions/19_loco_pooled/19_B_vanilla_ben_sarc_binary+banglasarc_binary_seed42_to_banglasarc3_binary.csv,6970de89ef36b0ad,loco,banglasarc3_binary,0.8050676236384219,0.8052892561983471,189.4634871482849
B,vanilla,ben_sarc_binary+banglasarc_binary,"[""ben_sarc_binary"", ""banglasarc_binary""]",ben_sarc_binary,1,False,2,csebuetnlp/banglabert,2563,0,0,2563,0.7911217310144558,0.7912602419040188,0.7911196323646139,0.7920568194307067,0.7912704095985854,0.8173302107728337,0.765210608424337,2.024431867780813,0.1237028258363696,0.0301452575538198,0.3346154598411691,0.2990861975871736,"[[1047, 234], [301, 981]]",04_outputs/predictions/19_loco_pooled/19_B_vanilla_ben_sarc_binary+banglasarc_binary_seed1_to_ben_sarc_binary.csv,6970de89ef36b0ad,loco,banglasarc3_binary,0.8059089875613943,0.8066115702479338,232.8693010807037
B,vanilla,ben_sarc_binary+banglasarc_binary,"[""ben_sarc_binary"", ""banglasarc_binary""]",banglasarc_binary,1,False,2,csebuetnlp/banglabert,464,0,0,464,0.8701133226510165,0.875,0.8772804494295257,0.8641826923076923,0.8920109970081669,0.8322147651006712,0.9518072289156626,2.024431867780813,0.0816463280478129,0.0908581799468665,0.2009905116504306,0.1793920022929897,"[[248, 50], [8, 158]]",04_outputs/predictions/19_loco_pooled/19_B_vanilla_ben_sarc_binary+banglasarc_binary_seed1_to_banglasarc_binary.csv,6970de89ef36b0ad,loco,banglasarc3_binary,0.8059089875613943,0.8066115702479338,232.8693010807037
B,vanilla,ben_sarc_binary+banglasarc_binary,"[""ben_sarc_binary"", ""banglasarc_binary""]",banglasarc3_binary,1,True,2,csebuetnlp/banglabert,791,25,29,762,0.641909220965015,0.6443569553805775,0.641132162420392,0.6524686766977515,0.6469726528839592,0.7466307277628033,0.5473145780051151,2.024431867780813,0.2627530024039793,0.1565124316928005,0.5849344673460933,0.4876061722864424,"[[277, 94], [177, 214]]",04_outputs/predictions/19_loco_pooled/19_B_vanilla_ben_sarc_binary+banglasarc_binary_seed1_to_banglasarc3_binary.csv,6970de89ef36b0ad,loco,banglasarc3_binary,0.8059089875613943,0.8066115702479338,232.8693010807037
B,vanilla,ben_sarc_binary+banglasarc_binary,"[""ben_sarc_binary"", ""banglasarc_binary""]",ben_sarc_binary,7,False,2,csebuetnlp/banglabert,2563,0,0,2563,0.7967165252932321,0.796722590714007,0.796716092048891,0.7967627914681321,0.7967248432326052,0.8024980483996877,0.7909516380655226,1.2814672844728368,0.0561828610446711,0.0270447810912036,0.2908379575962542,0.2842717691523281,"[[1028, 253], [268, 1014]]",04_outputs/predictions/19_loco_pooled/19_B_vanilla_ben_sarc_binary+banglasarc_binary_seed7_to_ben_sarc_binary.csv,6970de89ef36b0ad,loco,banglasarc3_binary,0.8057707581391313,0.8059504132231405,181.64856886863708
B,vanilla,ben_sarc_binary+banglasarc_binary,"[""ben_sarc_binary"", ""banglasarc_binary""]",banglasarc_binary,7,False,2,csebuetnlp/banglabert,464,0,0,464,0.8534007352941176,0.8577586206896551,0.8605912461967545,0.850451256806146,0.8799223740599984,0.802013422818792,0.9578313253012049,1.2814672844728368,0.0810354159697566,0.0888720903192831,0.194311190020568,0.1866903799088838,"[[239, 59], [7, 159]]",04_outputs/predictions/19_loco_pooled/19_B_vanilla_ben_sarc_binary+banglasarc_binary_seed7_to_banglasarc_binary.csv,6970de89ef36b0ad,loco,banglasarc3_binary,0.8057707581391313,0.8059504132231405,181.64856886863708
B,vanilla,ben_sarc_binary+banglasarc_binary,"[""ben_sarc_binary"", ""banglasarc_binary""]",banglasarc3_binary,7,True,2,csebuetnlp/banglabert,791,25,29,762,0.6374931053502482,0.6377952755905512,0.637218405131791,0.6398842767644671,0.6389932511150482,0.6846361185983828,0.5933503836317136,1.2814672844728368,0.1991860716172832,0.1556644378043366,0.5224053702362409,0.4915397836386004,"[[254, 117], [159, 232]]",04_outputs/predictions/19_loco_pooled/19_B_vanilla_ben_sarc_binary+banglasarc_binary_seed7_to_banglasarc3_binary.csv,6970de89ef36b0ad,loco,banglasarc3_binary,0.8057707581391313,0.8059504132231405,181.64856886863708
B,vanilla,ben_sarc_binary+banglasarc_binary,"[""ben_sarc_binary"", ""banglasarc_binary""]",ben_sarc_binary,123,False,2,csebuetnlp/banglabert,2563,0,0,2563,0.7711104115781388,0.7725321888412017,0.7711033730768364,0.7795431154433201,0.7725630570890283,0.8516783762685401,0.6934477379095164,1.9494111614619305,0.1259351987128218,0.0306980908773516,0.3535319545054662,0.3175828383633483,"[[1091, 190], [393, 889]]",04_outputs/predictions/19_loco_pooled/19_B_vanilla_ben_sarc_binary+banglasarc_binary_seed123_to_ben_sarc_binary.csv,6970de89ef36b0ad,loco,banglasarc3_binary,0.7964663086783301,0.7980165289256198,371.76433801651
B,vanilla,ben_sarc_binary+banglasarc_binary,"[""ben_sarc_binary"", ""banglasarc_binary""]",banglasarc_binary,123,False,2,csebuetnlp/banglabert,464,0,0,464,0.8956181533646322,0.9008620689655172,0.9022738923965248,0.8879725085910652,0.9108110293523086,0.8758389261744967,0.9457831325301204,1.9494111614619305,0.0650801982144426,0.0724123764935006,0.163334653288602,0.1528070101638404,"[[261, 37], [9, 157]]",04_outputs/predictions/19_loco_pooled/19_B_vanilla_ben_sarc_binary+banglasarc_binary_seed123_to_banglasarc_binary.csv,6970de89ef36b0ad,loco,banglasarc3_binary,0.7964663086783301,0.7980165289256198,371.76433801651
B,vanilla,ben_sarc_binary+banglasarc_binary,"[""ben_sarc_binary"", ""banglasarc_binary""]",banglasarc3_binary,123,True,2,csebuetnlp/banglabert,791,25,29,762,0.6609344326658815,0.6653543307086615,0.6599183641502998,0.6803877659261006,0.6688117412674668,0.8005390835579514,0.5370843989769821,1.9494111614619305,0.2349563473400278,0.1315950196606316,0.5478404076705184,0.4654758969423822,"[[297, 74], [181, 210]]",04_outputs/predictions/19_loco_pooled/19_B_vanilla_ben_sarc_binary+banglasarc_binary_seed123_to_banglasarc3_binary.csv,6970de89ef36b0ad,loco,banglasarc3_binary,0.7964663086783301,0.7980165289256198,371.76433801651
B,vanilla,ben_sarc_binary+banglasarc_binary,"[""ben_sarc_binary"", ""banglasarc_binary""]",ben_sarc_binary,2024,False,2,csebuetnlp/banglabert,2563,0,0,2563,0.7892952576284976,0.7893094030433087,0.7892945840373161,0.7893941331968961,0.7893127200497856,0.7978142076502732,0.780811232449298,1.7996765434415618,0.105446881668737,0.0261171479395539,0.3163246326911778,0.2917114653777669,"[[1022, 259], [281, 1001]]",04_outputs/predictions/19_loco_pooled/19_B_vanilla_ben_sarc_binary+banglasarc_binary_seed2024_to_ben_sarc_binary.csv,6970de89ef36b0ad,loco,banglasarc3_binary,0.8028540185893931,0.8029752066115703,232.5130021572113
B,vanilla,ben_sarc_binary+banglasarc_binary,"[""ben_sarc_binary"", ""banglasarc_binary""]",banglasarc_binary,2024,False,2,csebuetnlp/banglabert,464,0,0,464,0.874371470565483,0.8793103448275862,0.8814576814632831,0.8679912696620757,0.8953667017061535,0.8389261744966443,0.9518072289156626,1.7996765434415618,0.0656124071597228,0.068408874015005,0.1910401848649984,0.1747140401640081,"[[250, 48], [8, 158]]",04_outputs/predictions/19_loco_pooled/19_B_vanilla_ben_sarc_binary+banglasarc_binary_seed2024_to_banglasarc_binary.csv,6970de89ef36b0ad,loco,banglasarc3_binary,0.8028540185893931,0.8029752066115703,232.5130021572113
B,vanilla,ben_sarc_binary+banglasarc_binary,"[""ben_sarc_binary"", ""banglasarc_binary""]",banglasarc3_binary,2024,True,2,csebuetnlp/banglabert,791,25,29,762,0.6596119716524407,0.6601049868766404,0.6592719611529925,0.6631578947368422,0.6615596197461757,0.7169811320754716,0.6061381074168798,1.7996765434415618,0.2311157107930036,0.1458611728187726,0.5552554040662855,0.4819963243048773,"[[266, 105], [154, 237]]",04_outputs/predictions/19_loco_pooled/19_B_vanilla_ben_sarc_binary+banglasarc_binary_seed2024_to_banglasarc3_binary.csv,6970de89ef36b0ad,loco,banglasarc3_binary,0.8028540185893931,0.8029752066115703,232.5130021572113
B,vanilla,ben_sarc_binary+banglasarc_binary+banglasarc3_binary,"[""ben_sarc_binary"", ""banglasarc_binary"", ""banglasarc3_binary""]",ben_sarc_binary,42,False,3,csebuetnlp/banglabert,2563,0,0,2563,0.78719278709022,0.7877487319547405,0.7871885432362923,0.7908311024954614,0.7877687941241303,0.8391881342701015,0.7363494539781591,1.270759161952183,0.0457574435050431,0.0179245740090085,0.3048038403541268,0.3004332318558374,"[[1075, 206], [338, 944]]",04_outputs/predictions/19_loco_pooled/19_B_vanilla_ben_sarc_binary+banglasarc_binary+banglasarc3_binary_seed42_to_ben_sarc_binary.csv,6970de89ef36b0ad,pooled_all,,0.7919964187372681,0.7929769392033543,241.21776676177976
B,vanilla,ben_sarc_binary+banglasarc_binary+banglasarc3_binary,"[""ben_sarc_binary"", ""banglasarc_binary"", ""banglasarc3_binary""]",banglasarc_binary,42,False,3,csebuetnlp/banglabert,464,0,0,464,0.8701133226510165,0.875,0.8772804494295257,0.8641826923076923,0.8920109970081669,0.8322147651006712,0.9518072289156626,1.270759161952183,0.0425004567507294,0.0618697714772217,0.1741155342436795,0.1727025945322126,"[[248, 50], [8, 158]]",04_outputs/predictions/19_loco_pooled/19_B_vanilla_ben_sarc_binary+banglasarc_binary+banglasarc3_binary_seed42_to_banglasarc_binary.csv,6970de89ef36b0ad,pooled_all,,0.7919964187372681,0.7929769392033543,241.21776676177976
B,vanilla,ben_sarc_binary+banglasarc_binary+banglasarc3_binary,"[""ben_sarc_binary"", ""banglasarc_binary"", ""banglasarc3_binary""]",banglasarc3_binary,42,False,3,csebuetnlp/banglabert,791,0,0,791,0.74010164813589,0.7408343868520859,0.7401190942957993,0.7434485255142278,0.7407684439330009,0.7929292929292929,0.6886075949367089,1.270759161952183,0.0656990393160797,0.0385698134485945,0.3514165972766802,0.3432867152978257,"[[314, 82], [123, 272]]",04_outputs/predictions/19_loco_pooled/19_B_vanilla_ben_sarc_binary+banglasarc_binary+banglasarc3_binary_seed42_to_banglasarc3_binary.csv,6970de89ef36b0ad,pooled_all,,0.7919964187372681,0.7929769392033543,241.21776676177976
B,vanilla,ben_sarc_binary+banglasarc_binary+banglasarc3_binary,"[""ben_sarc_binary"", ""banglasarc_binary"", ""banglasarc3_binary""]",ben_sarc_binary,1,False,3,csebuetnlp/banglabert,2563,0,0,2563,0.7851368636947832,0.7854077253218884,0.7851338871933865,0.786884207433884,0.7854216978983609,0.8212334113973458,0.749609984399376,1.3229535626211812,0.0509197839183957,0.0173643249738046,0.3041136362647628,0.2993005444707464,"[[1052, 229], [321, 961]]",04_outputs/predictions/19_loco_pooled/19_B_vanilla_ben_sarc_binary+banglasarc_binary+banglasarc3_binary_seed1_to_ben_sarc_binary.csv,6970de89ef36b0ad,pooled_all,,0.7823240926738984,0.7832809224318659,239.94268679618835
B,vanilla,ben_sarc_binary+banglasarc_binary+banglasarc3_binary,"[""ben_sarc_binary"", ""banglasarc_binary"", ""banglasarc3_binary""]",banglasarc_binary,1,False,3,csebuetnlp/banglabert,464,0,0,464,0.8679879445449066,0.8728448275862069,0.8751914115275095,0.8623041561122056,0.8903331446591736,0.8288590604026845,0.9518072289156626,1.3229535626211812,0.035017970824786,0.0484556249726027,0.1801084385949078,0.1814138520768159,"[[247, 51], [8, 158]]",04_outputs/predictions/19_loco_pooled/19_B_vanilla_ben_sarc_binary+banglasarc_binary+banglasarc3_binary_seed1_to_banglasarc_binary.csv,6970de89ef36b0ad,pooled_all,,0.7823240926738984,0.7832809224318659,239.94268679618835
B,vanilla,ben_sarc_binary+banglasarc_binary+banglasarc3_binary,"[""ben_sarc_binary"", ""banglasarc_binary"", ""banglasarc3_binary""]",banglasarc3_binary,1,False,3,csebuetnlp/banglabert,791,0,0,791,0.7393345882610143,0.7408343868520859,0.7393595849041987,0.7463141025641026,0.7407396752333462,0.8156565656565656,0.6658227848101266,1.3229535626211812,0.0704933802205652,0.0303773562407076,0.3571423769659343,0.3471550840633468,"[[323, 73], [132, 263]]",04_outputs/predictions/19_loco_pooled/19_B_vanilla_ben_sarc_binary+banglasarc_binary+banglasarc3_binary_seed1_to_banglasarc3_binary.csv,6970de89ef36b0ad,pooled_all,,0.7823240926738984,0.7832809224318659,239.94268679618835
B,vanilla,ben_sarc_binary+banglasarc_binary+banglasarc3_binary,"[""ben_sarc_binary"", ""banglasarc_binary"", ""banglasarc3_binary""]",ben_sarc_binary,7,False,3,csebuetnlp/banglabert,2563,0,0,2563,0.785403772472738,0.7854077253218884,0.7854034131228153,0.7854324618935393,0.7854095194252735,0.790007806401249,0.780811232449298,1.9476411371012723,0.1133655151654644,0.0226385013511798,0.3276639085198219,0.299297607353395,"[[1012, 269], [281, 1001]]",04_outputs/predictions/19_loco_pooled/19_B_vanilla_ben_sarc_binary+banglasarc_binary+banglasarc3_binary_seed7_to_ben_sarc_binary.csv,6970de89ef36b0ad,pooled_all,,0.7819516585440216,0.7822327044025157,298.1815688610077
B,vanilla,ben_sarc_binary+banglasarc_binary+banglasarc3_binary,"[""ben_sarc_binary"", ""banglasarc_binary"", ""banglasarc3_binary""]",banglasarc_binary,7,False,3,csebuetnlp/banglabert,464,0,0,464,0.8679879445449066,0.8728448275862069,0.8751914115275095,0.8623041561122056,0.8903331446591736,0.8288590604026845,0.9518072289156626,1.9476411371012723,0.0711154515502076,0.064044844290715,0.2019978326216161,0.1865278999854285,"[[247, 51], [8, 158]]",04_outputs/predictions/19_loco_pooled/19_B_vanilla_ben_sarc_binary+banglasarc_binary+banglasarc3_binary_seed7_to_banglasarc_binary.csv,6970de89ef36b0ad,pooled_all,,0.7819516585440216,0.7822327044025157,298.1815688610077
B,vanilla,ben_sarc_binary+banglasarc_binary+banglasarc3_binary,"[""ben_sarc_binary"", ""banglasarc_binary"", ""banglasarc3_binary""]",banglasarc3_binary,7,False,3,csebuetnlp/banglabert,791,0,0,791,0.7345026660017646,0.7345132743362832,0.7345005443348608,0.7345674275848839,0.7345224395857307,0.7272727272727273,0.7417721518987341,1.9476411371012723,0.1647764271091854,0.066774293632837,0.4131018592737716,0.363299611506701,"[[288, 108], [102, 293]]",04_outputs/predictions/19_loco_pooled/19_B_vanilla_ben_sarc_binary+banglasarc_binary+banglasarc3_binary_seed7_to_banglasarc3_binary.csv,6970de89ef36b0ad,pooled_all,,0.7819516585440216,0.7822327044025157,298.1815688610077
B,vanilla,ben_sarc_binary+banglasarc_binary+banglasarc3_binary,"[""ben_sarc_binary"", ""banglasarc_binary"", ""banglasarc3_binary""]",ben_sarc_binary,123,False,3,csebuetnlp/banglabert,2563,0,0,2563,0.7798846558614101,0.7803355442840422,0.7798807688922494,0.7826895565092991,0.7803533218612118,0.8259172521467604,0.734789391575663,1.3175679132329512,0.0520667275244406,0.0142190436852764,0.3074036618999591,0.3016971591548223,"[[1058, 223], [340, 942]]",04_outputs/predictions/19_loco_pooled/19_B_vanilla_ben_sarc_binary+banglasarc_binary+banglasarc3_binary_seed123_to_ben_sarc_binary.csv,6970de89ef36b0ad,pooled_all,,0.7879311814172948,0.7887840670859538,236.12540698051453
B,vanilla,ben_sarc_binary+banglasarc_binary+banglasarc3_binary,"[""ben_sarc_binary"", ""banglasarc_binary"", ""banglasarc3_binary""]",banglasarc_binary,123,False,3,csebuetnlp/banglabert,464,0,0,464,0.8771464470194053,0.8814655172413793,0.8836995190803315,0.871635164752824,0.90104714158648,0.8322147651006712,0.9698795180722892,1.3175679132329512,0.0502351577200117,0.062401298505404,0.1663624118339683,0.1638323016863632,"[[248, 50], [5, 161]]",04_outputs/predictions/19_loco_pooled/19_B_vanilla_ben_sarc_binary+banglasarc_binary+banglasarc3_binary_seed123_to_banglasarc_binary.csv,6970de89ef36b0ad,pooled_all,,0.7879311814172948,0.7887840670859538,236.12540698051453
B,vanilla,ben_sarc_binary+banglasarc_binary+banglasarc3_binary,"[""ben_sarc_binary"", ""banglasarc_binary"", ""banglasarc3_binary""]",banglasarc3_binary,123,False,3,csebuetnlp/banglabert,791,0,0,791,0.7391695479574849,0.7395701643489254,0.7391824710668862,0.7409544022123609,0.739521800281294,0.7777777777777778,0.7012658227848101,1.3175679132329512,0.0812547097379767,0.0383314675924756,0.3656823675798725,0.3539234438510745,"[[308, 88], [118, 277]]",04_outputs/predictions/19_loco_pooled/19_B_vanilla_ben_sarc_binary+banglasarc_binary+banglasarc3_binary_seed123_to_banglasarc3_binary.csv,6970de89ef36b0ad,pooled_all,,0.7879311814172948,0.7887840670859538,236.12540698051453
B,vanilla,ben_sarc_binary+banglasarc_binary+banglasarc3_binary,"[""ben_sarc_binary"", ""banglasarc_binary"", ""banglasarc3_binary""]",ben_sarc_binary,2024,False,3,csebuetnlp/banglabert,2563,0,0,2563,0.7934290476123004,0.7936012485368709,0.7934267205727791,0.7946082708292092,0.7936126344351198,0.8227946916471507,0.7644305772230889,1.3185441743781905,0.0530758210574683,0.0318181387057378,0.2951938949694213,0.2890855231076174,"[[1054, 227], [302, 980]]",04_outputs/predictions/19_loco_pooled/19_B_vanilla_ben_sarc_binary+banglasarc_binary+banglasarc3_binary_seed2024_to_ben_sarc_binary.csv,6970de89ef36b0ad,pooled_all,,0.7938025821278087,0.7942872117400419,253.7365455627441
B,vanilla,ben_sarc_binary+banglasarc_binary+banglasarc3_binary,"[""ben_sarc_binary"", ""banglasarc_binary"", ""banglasarc3_binary""]",banglasarc_binary,2024,False,3,csebuetnlp/banglabert,464,0,0,464,0.8741451128547904,0.8793103448275862,0.8813984173272271,0.8674962292609352,0.8940325058623757,0.8422818791946308,0.9457831325301204,1.3185441743781905,0.0395026829302463,0.042200546523796,0.1809825353030803,0.1775930384783699,"[[251, 47], [9, 157]]",04_outputs/predictions/19_loco_pooled/19_B_vanilla_ben_sarc_binary+banglasarc_binary+banglasarc3_binary_seed2024_to_banglasarc_binary.csv,6970de89ef36b0ad,pooled_all,,0.7938025821278087,0.7942872117400419,253.7365455627441
B,vanilla,ben_sarc_binary+banglasarc_binary+banglasarc3_binary,"[""ben_sarc_binary"", ""banglasarc_binary"", ""banglasarc3_binary""]",banglasarc3_binary,2024,False,3,csebuetnlp/banglabert,791,0,0,791,0.7393497901310402,0.7395701643489254,0.7393593716187743,0.7403119668535219,0.7395345863700293,0.7676767676767676,0.7113924050632912,1.3185441743781905,0.0898293464247118,0.044256686266963,0.361651725456659,0.3480297875453455,"[[304, 92], [114, 281]]",04_outputs/predictions/19_loco_pooled/19_B_vanilla_ben_sarc_binary+banglasarc_binary+banglasarc3_binary_seed2024_to_banglasarc3_binary.csv,6970de89ef36b0ad,pooled_all,,0.7938025821278087,0.7942872117400419,253.7365455627441
B,fgm,banglasarc_binary+banglasarc3_binary,"[""banglasarc_binary"", ""banglasarc3_binary""]",ben_sarc_binary,42,True,2,csebuetnlp/banglabert,2563,0,0,2563,0.5165345198591071,0.5634022629730784,0.5164757883514455,0.6038396838668578,0.5635238290093665,0.8750975800156128,0.2519500780031201,0.9740499789421204,0.3332191041147495,0.3367983961265763,0.7496265233411726,0.7534180488868552,"[[1121, 160], [959, 323]]",04_outputs/predictions/19_loco_pooled/19_B_fgm_banglasarc_binary+banglasarc3_binary_seed42_to_ben_sarc_binary.csv,6970de89ef36b0ad,loco,ben_sarc_binary,0.8202530790778151,0.8205741626794258,160.04705119132996
B,fgm,banglasarc_binary+banglasarc3_binary,"[""banglasarc_binary"", ""banglasarc3_binary""]",banglasarc_binary,42,False,2,csebuetnlp/banglabert,464,0,0,464,0.9139449075610566,0.918103448275862,0.919326548486099,0.9058026195552848,0.930904827363144,0.8859060402684564,0.9759036144578314,0.9740499789421204,0.0426224440520076,0.0448219394506585,0.1149066717923338,0.1152361080841013,"[[264, 34], [4, 162]]",04_outputs/predictions/19_loco_pooled/19_B_fgm_banglasarc_binary+banglasarc3_binary_seed42_to_banglasarc_binary.csv,6970de89ef36b0ad,loco,ben_sarc_binary,0.8202530790778151,0.8205741626794258,160.04705119132996
B,fgm,banglasarc_binary+banglasarc3_binary,"[""banglasarc_binary"", ""banglasarc3_binary""]",banglasarc3_binary,42,False,2,csebuetnlp/banglabert,791,0,0,791,0.7559285994068603,0.7560050568900126,0.7559231381580637,0.7563728314448499,0.7560286408387674,0.7373737373737373,0.7746835443037975,0.9740499789421204,0.0293603225432158,0.0294232228692532,0.3305948150708125,0.3310931683814094,"[[292, 104], [89, 306]]",04_outputs/predictions/19_loco_pooled/19_B_fgm_banglasarc_binary+banglasarc3_binary_seed42_to_banglasarc3_binary.csv,6970de89ef36b0ad,loco,ben_sarc_binary,0.8202530790778151,0.8205741626794258,160.04705119132996
B,fgm,banglasarc_binary+banglasarc3_binary,"[""banglasarc_binary"", ""banglasarc3_binary""]",ben_sarc_binary,1,True,2,csebuetnlp/banglabert,2563,0,0,2563,0.5143953285463656,0.5673039406944986,0.514332788815694,0.6196320542736151,0.567432814408595,0.897736143637783,0.2371294851794071,1.1650221980897633,0.3203429454639553,0.3039159482202844,0.7406043109844487,0.7206960858039223,"[[1150, 131], [978, 304]]",04_outputs/predictions/19_loco_pooled/19_B_fgm_banglasarc_binary+banglasarc3_binary_seed1_to_ben_sarc_binary.csv,6970de89ef36b0ad,loco,ben_sarc_binary,0.8093945195917582,0.8141945773524721,162.37083053588867
B,fgm,banglasarc_binary+banglasarc3_binary,"[""banglasarc_binary"", ""banglasarc3_binary""]",banglasarc_binary,1,False,2,csebuetnlp/banglabert,464,0,0,464,0.9294372740339568,0.9331896551724138,0.934066379737474,0.9212070651861228,0.9439839896498748,0.906040268456376,0.9819277108433736,1.1650221980897633,0.0332989745541784,0.049037272172006,0.090249012313014,0.0924413631050872,"[[270, 28], [3, 163]]",04_outputs/predictions/19_loco_pooled/19_B_fgm_banglasarc_binary+banglasarc3_binary_seed1_to_banglasarc_binary.csv,6970de89ef36b0ad,loco,ben_sarc_binary,0.8093945195917582,0.8141945773524721,162.37083053588867
B,fgm,banglasarc_binary+banglasarc3_binary,"[""banglasarc_binary"", ""banglasarc3_binary""]",banglasarc3_binary,1,False,2,csebuetnlp/banglabert,791,0,0,791,0.735594023418231,0.7395701643489254,0.7356350145618464,0.7545714712999974,0.7394163150492264,0.8611111111111112,0.6177215189873417,1.1650221980897633,0.0578481529825099,0.0338499205580816,0.3488348931987894,0.344102449460282,"[[341, 55], [151, 244]]",04_outputs/predictions/19_loco_pooled/19_B_fgm_banglasarc_binary+banglasarc3_binary_seed1_to_banglasarc3_binary.csv,6970de89ef36b0ad,loco,ben_sarc_binary,0.8093945195917582,0.8141945773524721,162.37083053588867
B,fgm,banglasarc_binary+banglasarc3_binary,"[""banglasarc_binary"", ""banglasarc3_binary""]",ben_sarc_binary,7,True,2,csebuetnlp/banglabert,2563,0,0,2563,0.5008573131514749,0.5614514241123684,0.5007894586039262,0.6198501007228345,0.5615874517884697,0.9102263856362216,0.2129485179407176,1.061907003373095,0.3329783147077727,0.3251549055732087,0.7492496090349727,0.7400323171638251,"[[1166, 115], [1009, 273]]",04_outputs/predictions/19_loco_pooled/19_B_fgm_banglasarc_binary+banglasarc3_binary_seed7_to_ben_sarc_binary.csv,6970de89ef36b0ad,loco,ben_sarc_binary,0.8211173358232182,0.8245614035087719,151.8076524734497
B,fgm,banglasarc_binary+banglasarc3_binary,"[""banglasarc_binary"", ""banglasarc3_binary""]",banglasarc_binary,7,False,2,csebuetnlp/banglabert,464,0,0,464,0.938141581122517,0.9418103448275862,0.9424272166010048,0.9306693790564758,0.94936120320207,0.9228187919463088,0.9759036144578314,1.061907003373095,0.0309299823344128,0.0400560330643799,0.0818821937272236,0.0825923268301075,"[[275, 23], [4, 162]]",04_outputs/predictions/19_loco_pooled/19_B_fgm_banglasarc_binary+banglasarc3_binary_seed7_to_banglasarc_binary.csv,6970de89ef36b0ad,loco,ben_sarc_binary,0.8211173358232182,0.8245614035087719,151.8076524734497
B,fgm,banglasarc_binary+banglasarc3_binary,"[""banglasarc_binary"", ""banglasarc3_binary""]",banglasarc3_binary,7,False,2,csebuetnlp/banglabert,791,0,0,791,0.7506305170239596,0.7522123893805309,0.7506556261089846,0.7585697050762552,0.7521129011635341,0.8308080808080808,0.6734177215189874,1.061907003373095,0.0373849579760883,0.034053603394664,0.3421464485134449,0.3409990829920283,"[[329, 67], [129, 266]]",04_outputs/predictions/19_loco_pooled/19_B_fgm_banglasarc_binary+banglasarc3_binary_seed7_to_banglasarc3_binary.csv,6970de89ef36b0ad,loco,ben_sarc_binary,0.8211173358232182,0.8245614035087719,151.8076524734497
B,fgm,banglasarc_binary+banglasarc3_binary,"[""banglasarc_binary"", ""banglasarc3_binary""]",ben_sarc_binary,123,True,2,csebuetnlp/banglabert,2563,0,0,2563,0.49607874271266356,0.5579399141630901,0.4960098549938991,0.6142309627039069,0.558076702459199,0.9086651053864169,0.20748829953198128,1.4838038867582346,0.3809930127423819,0.33665816756153005,0.8068552056735665,0.7488841096536746,"[[1164, 117], [1016, 266]]",04_outputs/predictions/19_loco_pooled/19_B_fgm_banglasarc_binary+banglasarc3_binary_seed123_to_ben_sarc_binary.csv,6970de89ef36b0ad,loco,ben_sarc_binary,0.8221624726073327,0.8237639553429027,121.51037263870239
B,fgm,banglasarc_binary+banglasarc3_binary,"[""banglasarc_binary"", ""banglasarc3_binary""]",banglasarc_binary,123,False,2,csebuetnlp/banglabert,464,0,0,464,0.9225269112909562,0.9267241379310345,0.927656854962163,0.9145601229350748,0.9362820409153392,0.9026845637583892,0.9698795180722891,1.4838038867582346,0.03342244724839235,0.051257952665186214,0.10463009437138614,0.10039460816292399,"[[269, 29], [5, 161]]",04_outputs/predictions/19_loco_pooled/19_B_fgm_banglasarc_binary+banglasarc3_binary_seed123_to_banglasarc_binary.csv,6970de89ef36b0ad,loco,ben_sarc_binary,0.8221624726073327,0.8237639553429027,121.51037263870239
B,fgm,banglasarc_binary+banglasarc3_binary,"[""banglasarc_binary"", ""banglasarc3_binary""]",banglasarc3_binary,123,False,2,csebuetnlp/banglabert,791,0,0,791,0.7559051844745572,0.7560050568900126,0.7559114265005233,0.7563740555768985,0.7559806930060096,0.7752525252525253,0.7367088607594937,1.4838038867582346,0.10162510206403738,0.041632025475853866,0.3544236054470831,0.33367135610200027,"[[307, 89], [104, 291]]",04_outputs/predictions/19_loco_pooled/19_B_fgm_banglasarc_binary+banglasarc3_binary_seed123_to_banglasarc3_binary.csv,6970de89ef36b0ad,loco,ben_sarc_binary,0.8221624726073327,0.8237639553429027,121.51037263870239
B,fgm,banglasarc_binary+banglasarc3_binary,"[""banglasarc_binary"", ""banglasarc3_binary""]",ben_sarc_binary,2024,True,2,csebuetnlp/banglabert,2563,0,0,2563,0.5155313622970039,0.5676941084666407,0.5154693376285502,0.6192357512953368,0.5678222210855648,0.8961748633879781,0.23946957878315134,1.5463433346680497,0.37280381971164017,0.3223807962378194,0.7903947516834977,0.7307178675098419,"[[1148, 133], [975, 307]]",04_outputs/predictions/19_loco_pooled/19_B_fgm_banglasarc_binary+banglasarc3_binary_seed2024_to_ben_sarc_binary.csv,6970de89ef36b0ad,loco,ben_sarc_binary,0.8266039823008849,0.8277511961722488,187.04598784446716
B,fgm,banglasarc_binary+banglasarc3_binary,"[""banglasarc_binary"", ""banglasarc3_binary""]",banglasarc_binary,2024,False,2,csebuetnlp/banglabert,464,0,0,464,0.9250407546837289,0.9288793103448276,0.9298663675148243,0.9167447373955605,0.9406282849518881,0.8993288590604027,0.9819277108433735,1.5463433346680497,0.03715301057172567,0.04634322364935222,0.10587351562025482,0.10166630458478539,"[[268, 30], [3, 163]]",04_outputs/predictions/19_loco_pooled/19_B_fgm_banglasarc_binary+banglasarc3_binary_seed2024_to_banglasarc_binary.csv,6970de89ef36b0ad,loco,ben_sarc_binary,0.8266039823008849,0.8277511961722488,187.04598784446716
B,fgm,banglasarc_binary+banglasarc3_binary,"[""banglasarc_binary"", ""banglasarc3_binary""]",banglasarc3_binary,2024,False,2,csebuetnlp/banglabert,791,0,0,791,0.759797340493543,0.7597977243994943,0.7597969565875918,0.7598038588909204,0.7598005370157268,0.7575757575757576,0.7620253164556962,1.5463433346680497,0.10015050632623765,0.042784683771962435,0.3516283249947019,0.33138734513686025,"[[300, 96], [94, 301]]",04_outputs/predictions/19_loco_pooled/19_B_fgm_banglasarc_binary+banglasarc3_binary_seed2024_to_banglasarc3_binary.csv,6970de89ef36b0ad,loco,ben_sarc_binary,0.8266039823008849,0.8277511961722488,187.04598784446716
B,fgm,ben_sarc_binary+banglasarc3_binary,"[""ben_sarc_binary"", ""banglasarc3_binary""]",ben_sarc_binary,42,False,2,csebuetnlp/banglabert,2563,0,0,2563,0.8036823726676994,0.8037456106125634,0.8036837474056312,0.8041220676855843,0.8037387303454667,0.7861046057767369,0.8213728549141965,0.9938463780912038,0.015713818007646034,0.014835674862310572,0.28216528521750506,0.28214261501061594,"[[1007, 274], [229, 1053]]",04_outputs/predictions/19_loco_pooled/19_B_fgm_ben_sarc_binary+banglasarc3_binary_seed42_to_ben_sarc_binary.csv,6970de89ef36b0ad,loco,banglasarc_binary,0.780957339627545,0.7810915597971966,385.4505422115326
B,fgm,ben_sarc_binary+banglasarc3_binary,"[""ben_sarc_binary"", ""banglasarc3_binary""]",banglasarc_binary,42,True,2,csebuetnlp/banglabert,464,24,28,436,0.5992262881569078,0.6261467889908257,0.6240026783049384,0.600655206264411,0.5983712628290941,0.7148148148148148,0.4819277108433735,0.9938463780912038,0.15103405663820468,0.14949778249748005,0.49084052200512657,0.4915306489520358,"[[193, 77], [86, 80]]",04_outputs/predictions/19_loco_pooled/19_B_fgm_ben_sarc_binary+banglasarc3_binary_seed42_to_banglasarc_binary.csv,6970de89ef36b0ad,loco,banglasarc_binary,0.780957339627545,0.7810915597971966,385.4505422115326
B,fgm,ben_sarc_binary+banglasarc3_binary,"[""ben_sarc_binary"", ""banglasarc3_binary""]",banglasarc3_binary,42,False,2,csebuetnlp/banglabert,791,0,0,791,0.7287275641025641,0.729456384323641,0.728709787999611,0.7320779842014764,0.7295230788901674,0.6767676767676768,0.7822784810126582,0.9938463780912038,0.04098506458074455,0.039798590656980784,0.3569391278353954,0.35711076429182464,"[[268, 128], [86, 309]]",04_outputs/predictions/19_loco_pooled/19_B_fgm_ben_sarc_binary+banglasarc3_binary_seed42_to_banglasarc3_binary.csv,6970de89ef36b0ad,loco,banglasarc_binary,0.780957339627545,0.7810915597971966,385.4505422115326
B,fgm,ben_sarc_binary+banglasarc3_binary,"[""ben_sarc_binary"", ""banglasarc3_binary""]",ben_sarc_binary,1,False,2,csebuetnlp/banglabert,2563,0,0,2563,0.7974485340414986,0.7975029262582911,0.7974472389887178,0.7978369774864731,0.797509441361261,0.8142076502732241,0.780811232449298,1.6332877942081427,0.0712043174338693,0.024086870524861383,0.2997448658342287,0.2886522422025668,"[[1043, 238], [281, 1001]]",04_outputs/predictions/19_loco_pooled/19_B_fgm_ben_sarc_binary+banglasarc3_binary_seed1_to_ben_sarc_binary.csv,6970de89ef36b0ad,loco,banglasarc_binary,0.7804945909232255,0.7804950790337012,468.820415019989
B,fgm,ben_sarc_binary+banglasarc3_binary,"[""ben_sarc_binary"", ""banglasarc3_binary""]",banglasarc_binary,1,True,2,csebuetnlp/banglabert,464,24,28,436,0.6149514836169315,0.6399082568807339,0.6383344063145482,0.6161365029630135,0.6141231593038822,0.7222222222222222,0.5060240963855421,1.6332877942081427,0.2153710744142438,0.1473894466840105,0.5395595235930707,0.4772817641662593,"[[195, 75], [82, 84]]",04_outputs/predictions/19_loco_pooled/19_B_fgm_ben_sarc_binary+banglasarc3_binary_seed1_to_banglasarc_binary.csv,6970de89ef36b0ad,loco,banglasarc_binary,0.7804945909232255,0.7804950790337012,468.820415019989
B,fgm,ben_sarc_binary+banglasarc3_binary,"[""ben_sarc_binary"", ""banglasarc3_binary""]",banglasarc3_binary,1,False,2,csebuetnlp/banglabert,791,0,0,791,0.7544547421241952,0.7547408343868521,0.7544441461144671,0.7560225871107,0.7547851937092444,0.7196969696969697,0.789873417721519,1.6332877942081427,0.1004086414361737,0.04396572310550581,0.36064309409816275,0.33823344858505855,"[[285, 111], [83, 312]]",04_outputs/predictions/19_loco_pooled/19_B_fgm_ben_sarc_binary+banglasarc3_binary_seed1_to_banglasarc3_binary.csv,6970de89ef36b0ad,loco,banglasarc_binary,0.7804945909232255,0.7804950790337012,468.820415019989
B,fgm,ben_sarc_binary+banglasarc3_binary,"[""ben_sarc_binary"", ""banglasarc3_binary""]",ben_sarc_binary,7,False,2,csebuetnlp/banglabert,2563,0,0,2563,0.794253293247257,0.7943815840811549,0.7942552977915367,0.795096477252611,0.7943719622321193,0.7697111631537861,0.8190327613104524,2.1245109434964022,0.1173945919119623,0.024160902318179203,0.3238157864435508,0.2918997315664788,"[[986, 295], [232, 1050]]",04_outputs/predictions/19_loco_pooled/19_B_fgm_ben_sarc_binary+banglasarc3_binary_seed7_to_ben_sarc_binary.csv,6970de89ef36b0ad,loco,banglasarc_binary,0.77758863497811,0.777810915597972,572.5670855045319
B,fgm,ben_sarc_binary+banglasarc3_binary,"[""ben_sarc_binary"", ""banglasarc3_binary""]",banglasarc_binary,7,True,2,csebuetnlp/banglabert,464,24,28,436,0.6727497849633205,0.6857798165137615,0.6883259146328131,0.6710404112399836,0.6766845158411423,0.7148148148148148,0.6385542168674698,2.1245109434964022,0.21107630717047057,0.09779925580528968,0.5066314334437594,0.4266589419604246,"[[193, 77], [60, 106]]",04_outputs/predictions/19_loco_pooled/19_B_fgm_ben_sarc_binary+banglasarc3_binary_seed7_to_banglasarc_binary.csv,6970de89ef36b0ad,loco,banglasarc_binary,0.77758863497811,0.777810915597972,572.5670855045319
B,fgm,ben_sarc_binary+banglasarc3_binary,"[""ben_sarc_binary"", ""banglasarc3_binary""]",banglasarc3_binary,7,False,2,csebuetnlp/banglabert,791,0,0,791,0.7374936873241469,0.7383059418457648,0.7374752269941102,0.7414335664335665,0.7383774453394707,0.6818181818181818,0.7949367088607595,2.1245109434964022,0.15896088978451722,0.046366480085679444,0.4025716651694519,0.34972753263762446,"[[270, 126], [81, 314]]",04_outputs/predictions/19_loco_pooled/19_B_fgm_ben_sarc_binary+banglasarc3_binary_seed7_to_banglasarc3_binary.csv,6970de89ef36b0ad,loco,banglasarc_binary,0.77758863497811,0.777810915597972,572.5670855045319
B,fgm,ben_sarc_binary+banglasarc3_binary,"[""ben_sarc_binary"", ""banglasarc3_binary""]",ben_sarc_binary,123,False,2,csebuetnlp/banglabert,2563,0,0,2563,0.7943314895203848,0.7943815840811549,0.7943302371563655,0.794682074019171,0.7943877942471329,0.810304449648712,0.7784711388455539,1.534980993884229,0.06499562800046824,0.011502422813959967,0.3018022984146293,0.29193371293232556,"[[1038, 243], [284, 998]]",04_outputs/predictions/19_loco_pooled/19_B_fgm_ben_sarc_binary+banglasarc3_binary_seed123_to_ben_sarc_binary.csv,6970de89ef36b0ad,loco,banglasarc_binary,0.7778108365454448,0.777810915597972,458.90202832221985
B,fgm,ben_sarc_binary+banglasarc3_binary,"[""ben_sarc_binary"", ""banglasarc3_binary""]",banglasarc_binary,123,True,2,csebuetnlp/banglabert,464,24,28,436,0.6169234928359015,0.6422018348623854,0.6403962390033507,0.6183407704216373,0.615975011155734,0.725925925925926,0.5060240963855421,1.534980993884229,0.22097745688448434,0.1473478246821477,0.519967605187656,0.46521413646030657,"[[196, 74], [82, 84]]",04_outputs/predictions/19_loco_pooled/19_B_fgm_ben_sarc_binary+banglasarc3_binary_seed123_to_banglasarc_binary.csv,6970de89ef36b0ad,loco,banglasarc_binary,0.7778108365454448,0.777810915597972,458.90202832221985
B,fgm,ben_sarc_binary+banglasarc3_binary,"[""ben_sarc_binary"", ""banglasarc3_binary""]",banglasarc3_binary,123,False,2,csebuetnlp/banglabert,791,0,0,791,0.737031212039843,0.7370417193426043,0.7370291105792908,0.7370963616599526,0.737050888633167,0.7297979797979798,0.7443037974683544,1.534980993884229,0.09848822159117898,0.04197501060737375,0.3662285345663061,0.3461870719327959,"[[289, 107], [101, 294]]",04_outputs/predictions/19_loco_pooled/19_B_fgm_ben_sarc_binary+banglasarc3_binary_seed123_to_banglasarc3_binary.csv,6970de89ef36b0ad,loco,banglasarc_binary,0.7778108365454448,0.777810915597972,458.90202832221985
B,fgm,ben_sarc_binary+banglasarc3_binary,"[""ben_sarc_binary"", ""banglasarc3_binary""]",ben_sarc_binary,2024,False,2,csebuetnlp/banglabert,2563,0,0,2563,0.7993973004909305,0.7994537651190011,0.7993959873600452,0.799805834120767,0.7994604327498627,0.8165495706479313,0.782371294851794,1.124444028767883,0.014231441269552579,0.02332622874874329,0.2818182516232325,0.2818805296585408,"[[1046, 235], [279, 1003]]",04_outputs/predictions/19_loco_pooled/19_B_fgm_ben_sarc_binary+banglasarc3_binary_seed2024_to_ben_sarc_binary.csv,6970de89ef36b0ad,loco,banglasarc_binary,0.7879238495298307,0.7879510885773934,396.02789878845215
B,fgm,ben_sarc_binary+banglasarc3_binary,"[""ben_sarc_binary"", ""banglasarc3_binary""]",banglasarc_binary,2024,True,2,csebuetnlp/banglabert,464,24,28,436,0.5998141047984199,0.6376146788990825,0.6291518638019192,0.6080392156862745,0.5983489513609995,0.762962962962963,0.43373493975903615,1.124444028767883,0.17236958539375508,0.14830018596772876,0.4932493389416838,0.47965651007401733,"[[206, 64], [94, 72]]",04_outputs/predictions/19_loco_pooled/19_B_fgm_ben_sarc_binary+banglasarc3_binary_seed2024_to_banglasarc_binary.csv,6970de89ef36b0ad,loco,banglasarc_binary,0.7879238495298307,0.7879510885773934,396.02789878845215
B,fgm,ben_sarc_binary+banglasarc3_binary,"[""ben_sarc_binary"", ""banglasarc3_binary""]",banglasarc3_binary,2024,False,2,csebuetnlp/banglabert,791,0,0,791,0.7344789002557546,0.7345132743362832,0.7344750809134735,0.7346638521077209,0.7345288326300985,0.7222222222222222,0.7468354430379747,1.124444028767883,0.051783649945783,0.03309952379236538,0.35558684118217176,0.3518097697423311,"[[286, 110], [100, 295]]",04_outputs/predictions/19_loco_pooled/19_B_fgm_ben_sarc_binary+banglasarc3_binary_seed2024_to_banglasarc3_binary.csv,6970de89ef36b0ad,loco,banglasarc_binary,0.7879238495298307,0.7879510885773934,396.02789878845215
B,fgm,ben_sarc_binary+banglasarc_binary,"[""ben_sarc_binary"", ""banglasarc_binary""]",ben_sarc_binary,42,False,2,csebuetnlp/banglabert,2563,0,0,2563,0.787733559066107,0.7881388997268826,0.7877299399530643,0.790394001912142,0.7881560695683096,0.8321623731459797,0.7441497659906396,1.4926031057381068,0.07603381517907462,0.016790044802196296,0.3079916324025195,0.2957728534328125,"[[1066, 215], [328, 954]]",04_outputs/predictions/19_loco_pooled/19_B_fgm_ben_sarc_binary+banglasarc_binary_seed42_to_ben_sarc_binary.csv,6970de89ef36b0ad,loco,banglasarc3_binary,0.8105985219387282,0.8112396694214876,435.2386453151703
B,fgm,ben_sarc_binary+banglasarc_binary,"[""ben_sarc_binary"", ""banglasarc_binary""]",banglasarc_binary,42,False,2,csebuetnlp/banglabert,464,0,0,464,0.8677583749969808,0.8728448275862069,0.8751365260055286,0.8617173255136374,0.8889989488153958,0.8322147651006712,0.9457831325301205,1.4926031057381068,0.062439713404778587,0.07840716119432893,0.17578669020020787,0.16178374581187005,"[[248, 50], [9, 157]]",04_outputs/predictions/19_loco_pooled/19_B_fgm_ben_sarc_binary+banglasarc_binary_seed42_to_banglasarc_binary.csv,6970de89ef36b0ad,loco,banglasarc3_binary,0.8105985219387282,0.8112396694214876,435.2386453151703
B,fgm,ben_sarc_binary+banglasarc_binary,"[""ben_sarc_binary"", ""banglasarc_binary""]",banglasarc3_binary,42,True,2,csebuetnlp/banglabert,791,25,29,762,0.662589251120828,0.6640419947506562,0.6620081536688969,0.6703329306800602,0.6662231750780706,0.7493261455525606,0.5831202046035806,1.4926031057381068,0.2042146210914804,0.13983022107667636,0.5121395148187459,0.46454894680805375,"[[278, 93], [163, 228]]",04_outputs/predictions/19_loco_pooled/19_B_fgm_ben_sarc_binary+banglasarc_binary_seed42_to_banglasarc3_binary.csv,6970de89ef36b0ad,loco,banglasarc3_binary,0.8105985219387282,0.8112396694214876,435.2386453151703
B,fgm,ben_sarc_binary+banglasarc_binary,"[""ben_sarc_binary"", ""banglasarc_binary""]",ben_sarc_binary,1,False,2,csebuetnlp/banglabert,2563,0,0,2563,0.7979632739783779,0.7982832618025751,0.7979664111139092,0.8001507408360602,0.7982678557727789,0.7587822014051522,0.8377535101404057,0.9476217063045554,0.014353897461211091,0.01667755072629957,0.2805727311885183,0.2808502745105759,"[[972, 309], [208, 1074]]",04_outputs/predictions/19_loco_pooled/19_B_fgm_ben_sarc_binary+banglasarc_binary_seed1_to_ben_sarc_binary.csv,6970de89ef36b0ad,loco,banglasarc3_binary,0.8098873549446666,0.8099173553719008,345.2390835285187
B,fgm,ben_sarc_binary+banglasarc_binary,"[""ben_sarc_binary"", ""banglasarc_binary""]",banglasarc_binary,1,False,2,csebuetnlp/banglabert,464,0,0,464,0.8449789996181749,0.8491379310344828,0.8522024068149201,0.8436452981907527,0.8732109646640253,0.7885906040268457,0.9578313253012049,0.9476217063045554,0.05919183260712296,0.06547575133066338,0.20455690815851857,0.20608940002477166,"[[235, 63], [7, 159]]",04_outputs/predictions/19_loco_pooled/19_B_fgm_ben_sarc_binary+banglasarc_binary_seed1_to_banglasarc_binary.csv,6970de89ef36b0ad,loco,banglasarc3_binary,0.8098873549446666,0.8099173553719008,345.2390835285187
B,fgm,ben_sarc_binary+banglasarc_binary,"[""ben_sarc_binary"", ""banglasarc_binary""]",banglasarc3_binary,1,True,2,csebuetnlp/banglabert,791,25,29,762,0.632535806058268,0.6325459317585301,0.6325864345595791,0.6327855297157623,0.6328441138555505,0.6442048517520216,0.6214833759590793,0.9476217063045554,0.14696155988590712,0.15552464359783857,0.48132934546437034,0.48723312776605854,"[[239, 132], [148, 243]]",04_outputs/predictions/19_loco_pooled/19_B_fgm_ben_sarc_binary+banglasarc_binary_seed1_to_banglasarc3_binary.csv,6970de89ef36b0ad,loco,banglasarc3_binary,0.8098873549446666,0.8099173553719008,345.2390835285187
B,fgm,ben_sarc_binary+banglasarc_binary,"[""ben_sarc_binary"", ""banglasarc_binary""]",ben_sarc_binary,7,False,2,csebuetnlp/banglabert,2563,0,0,2563,0.793588679665236,0.7936012485368709,0.7935880512216543,0.7936795218970145,0.7936044139657858,0.8017174082747853,0.7854914196567863,1.0447892712810514,0.02537696066579279,0.025357349129855482,0.2797930520650863,0.27934348923133195,"[[1027, 254], [275, 1007]]",04_outputs/predictions/19_loco_pooled/19_B_fgm_ben_sarc_binary+banglasarc_binary_seed7_to_ben_sarc_binary.csv,6970de89ef36b0ad,loco,banglasarc3_binary,0.809475822324395,0.8095867768595041,435.1659462451935
B,fgm,ben_sarc_binary+banglasarc_binary,"[""ben_sarc_binary"", ""banglasarc_binary""]",banglasarc_binary,7,False,2,csebuetnlp/banglabert,464,0,0,464,0.857843137254902,0.8620689655172413,0.864815753887762,0.8547773551130007,0.8846122746017627,0.8053691275167785,0.963855421686747,1.0447892712810514,0.0760890094570238,0.07260125202351674,0.17994063838458463,0.1790331141687992,"[[240, 58], [6, 160]]",04_outputs/predictions/19_loco_pooled/19_B_fgm_ben_sarc_binary+banglasarc_binary_seed7_to_banglasarc_binary.csv,6970de89ef36b0ad,loco,banglasarc3_binary,0.809475822324395,0.8095867768595041,435.1659462451935
B,fgm,ben_sarc_binary+banglasarc_binary,"[""ben_sarc_binary"", ""banglasarc_binary""]",banglasarc3_binary,7,True,2,csebuetnlp/banglabert,791,25,29,762,0.6297146401985112,0.6299212598425197,0.6294850628162795,0.6315964454172063,0.6309759342621379,0.6711590296495957,0.5907928388746803,1.0447892712810514,0.16688752203523563,0.1598633836578733,0.4893850764891696,0.4842455950525518,"[[249, 122], [160, 231]]",04_outputs/predictions/19_loco_pooled/19_B_fgm_ben_sarc_binary+banglasarc_binary_seed7_to_banglasarc3_binary.csv,6970de89ef36b0ad,loco,banglasarc3_binary,0.809475822324395,0.8095867768595041,435.1659462451935
B,fgm,ben_sarc_binary+banglasarc_binary,"[""ben_sarc_binary"", ""banglasarc_binary""]",ben_sarc_binary,123,False,2,csebuetnlp/banglabert,2563,0,0,2563,0.7848060766884146,0.7857978930940305,0.7848003765941294,0.7912243018950336,0.7858245008957268,0.8540202966432474,0.717628705148206,1.14989249337859,0.03439674503816874,0.01998904605479609,0.29614259892827055,0.2938387596584194,"[[1094, 187], [362, 920]]",04_outputs/predictions/19_loco_pooled/19_B_fgm_ben_sarc_binary+banglasarc_binary_seed123_to_ben_sarc_binary.csv,6970de89ef36b0ad,loco,banglasarc3_binary,0.8018191185381252,0.8033057851239669,357.28154015541077
B,fgm,ben_sarc_binary+banglasarc_binary,"[""ben_sarc_binary"", ""banglasarc_binary""]",banglasarc_binary,123,False,2,csebuetnlp/banglabert,464,0,0,464,0.8917216031736772,0.896551724137931,0.8982274803908356,0.8842424242424243,0.9101237163418776,0.8624161073825504,0.9578313253012049,1.14989249337859,0.046197595177705636,0.049633211023735205,0.15103760233982214,0.14971583535940933,"[[257, 41], [7, 159]]",04_outputs/predictions/19_loco_pooled/19_B_fgm_ben_sarc_binary+banglasarc_binary_seed123_to_banglasarc_binary.csv,6970de89ef36b0ad,loco,banglasarc3_binary,0.8018191185381252,0.8033057851239669,357.28154015541077
B,fgm,ben_sarc_binary+banglasarc_binary,"[""ben_sarc_binary"", ""banglasarc_binary""]",banglasarc3_binary,123,True,2,csebuetnlp/banglabert,791,25,29,762,0.618830591373944,0.6220472440944882,0.6179115477395027,0.6305590187444599,0.6248888398673662,0.7331536388140162,0.5166240409207161,1.14989249337859,0.1824001430620881,0.16030036120159658,0.50691536585616,0.4902571870700127,"[[272, 99], [189, 202]]",04_outputs/predictions/19_loco_pooled/19_B_fgm_ben_sarc_binary+banglasarc_binary_seed123_to_banglasarc3_binary.csv,6970de89ef36b0ad,loco,banglasarc3_binary,0.8018191185381252,0.8033057851239669,357.28154015541077
B,fgm,ben_sarc_binary+banglasarc_binary,"[""ben_sarc_binary"", ""banglasarc_binary""]",ben_sarc_binary,2024,False,2,csebuetnlp/banglabert,2563,0,0,2563,0.7950496004108832,0.7951619196254389,0.7950514723977925,0.7957905098059317,0.7951529068188489,0.7720530835284933,0.8182527301092044,1.5275131702585707,0.07609903858244799,0.01805437856007142,0.2952078881080084,0.28271324603987086,"[[989, 292], [233, 1049]]",04_outputs/predictions/19_loco_pooled/19_B_fgm_ben_sarc_binary+banglasarc_binary_seed2024_to_ben_sarc_binary.csv,6970de89ef36b0ad,loco,banglasarc3_binary,0.8019826920431024,0.8019834710743802,437.06577348709106
B,fgm,ben_sarc_binary+banglasarc_binary,"[""ben_sarc_binary"", ""banglasarc_binary""]",banglasarc_binary,2024,False,2,csebuetnlp/banglabert,464,0,0,464,0.857395313100269,0.8620689655172413,0.8647396240412256,0.8531588785046729,0.8819438829142072,0.8120805369127517,0.9518072289156626,1.5275131702585707,0.07240516605455971,0.0721700037925827,0.19643591466858096,0.1790778131663308,"[[242, 56], [8, 158]]",04_outputs/predictions/19_loco_pooled/19_B_fgm_ben_sarc_binary+banglasarc_binary_seed2024_to_banglasarc_binary.csv,6970de89ef36b0ad,loco,banglasarc3_binary,0.8019826920431024,0.8019834710743802,437.06577348709106
B,fgm,ben_sarc_binary+banglasarc_binary,"[""ben_sarc_binary"", ""banglasarc_binary""]",banglasarc3_binary,2024,True,2,csebuetnlp/banglabert,791,25,29,762,0.6495767273228326,0.6496062992125984,0.649492236209216,0.6504914683306643,0.6502953929726115,0.6765498652291105,0.6240409207161125,1.5275131702585707,0.2160477386632224,0.14970826093598924,0.523093823453598,0.4700377365853714,"[[251, 120], [147, 244]]",04_outputs/predictions/19_loco_pooled/19_B_fgm_ben_sarc_binary+banglasarc_binary_seed2024_to_banglasarc3_binary.csv,6970de89ef36b0ad,loco,banglasarc3_binary,0.8019826920431024,0.8019834710743802,437.06577348709106
B,fgm,ben_sarc_binary+banglasarc_binary+banglasarc3_binary,"[""ben_sarc_binary"", ""banglasarc_binary"", ""banglasarc3_binary""]",ben_sarc_binary,42,False,3,csebuetnlp/banglabert,2563,0,0,2563,0.78794249784965,0.7881388997268826,0.787939979876865,0.7892361620458657,0.7881508937172474,0.8188914910226386,0.7574102964118564,1.0610732715369136,0.017749759757764362,0.015975512729773707,0.29571001400436137,0.2954761565542038,"[[1049, 232], [311, 971]]",04_outputs/predictions/19_loco_pooled/19_B_fgm_ben_sarc_binary+banglasarc_binary+banglasarc3_binary_seed42_to_ben_sarc_binary.csv,6970de89ef36b0ad,pooled_all,,0.7899296132084508,0.790356394129979,425.4202904701233
B,fgm,ben_sarc_binary+banglasarc_binary+banglasarc3_binary,"[""ben_sarc_binary"", ""banglasarc_binary"", ""banglasarc3_binary""]",banglasarc_binary,42,False,3,csebuetnlp/banglabert,464,0,0,464,0.8679879445449066,0.8728448275862069,0.8751914115275095,0.8623041561122056,0.8903331446591736,0.8288590604026845,0.9518072289156626,1.0610732715369136,0.051680044323246015,0.055590063836249023,0.1690098893343509,0.1685691717913682,"[[247, 51], [8, 158]]",04_outputs/predictions/19_loco_pooled/19_B_fgm_ben_sarc_binary+banglasarc_binary+banglasarc3_binary_seed42_to_banglasarc_binary.csv,6970de89ef36b0ad,pooled_all,,0.7899296132084508,0.790356394129979,425.4202904701233
B,fgm,ben_sarc_binary+banglasarc_binary+banglasarc3_binary,"[""ben_sarc_binary"", ""banglasarc_binary"", ""banglasarc3_binary""]",banglasarc3_binary,42,False,3,csebuetnlp/banglabert,791,0,0,791,0.744329164479832,0.7446270543615676,0.7443401974384148,0.7456877175406825,0.7445850914205345,0.7777777777777778,0.7113924050632912,1.0610732715369136,0.04066170677138802,0.03136725029651526,0.34275955399073277,0.3412680606424767,"[[308, 88], [114, 281]]",04_outputs/predictions/19_loco_pooled/19_B_fgm_ben_sarc_binary+banglasarc_binary+banglasarc3_binary_seed42_to_banglasarc3_binary.csv,6970de89ef36b0ad,pooled_all,,0.7899296132084508,0.790356394129979,425.4202904701233
B,fgm,ben_sarc_binary+banglasarc_binary+banglasarc3_binary,"[""ben_sarc_binary"", ""banglasarc_binary"", ""banglasarc3_binary""]",ben_sarc_binary,1,False,3,csebuetnlp/banglabert,2563,0,0,2563,0.7853159228529307,0.7854077253218884,0.7853141907308749,0.7859141870707218,0.7854159131236444,0.8064012490241999,0.7644305772230889,1.1377391191563129,0.01707291660337873,0.0149170329679634,0.2989175176890629,0.2983282434043616,"[[1033, 248], [302, 980]]",04_outputs/predictions/19_loco_pooled/19_B_fgm_ben_sarc_binary+banglasarc_binary+banglasarc3_binary_seed1_to_ben_sarc_binary.csv,6970de89ef36b0ad,pooled_all,,0.7884213489375859,0.7887840670859538,440.66160583496094
B,fgm,ben_sarc_binary+banglasarc_binary+banglasarc3_binary,"[""ben_sarc_binary"", ""banglasarc_binary"", ""banglasarc3_binary""]",banglasarc_binary,1,False,3,csebuetnlp/banglabert,464,0,0,464,0.8552831718704266,0.8599137931034483,0.862647533349449,0.8513776034370039,0.8802660305652139,0.8087248322147651,0.9518072289156626,1.1377391191563129,0.043730199865588584,0.0447085349054903,0.1941249557229428,0.19349363032119216,"[[241, 57], [8, 158]]",04_outputs/predictions/19_loco_pooled/19_B_fgm_ben_sarc_binary+banglasarc_binary+banglasarc3_binary_seed1_to_banglasarc_binary.csv,6970de89ef36b0ad,pooled_all,,0.7884213489375859,0.7887840670859538,440.66160583496094
B,fgm,ben_sarc_binary+banglasarc_binary+banglasarc3_binary,"[""ben_sarc_binary"", ""banglasarc_binary"", ""banglasarc3_binary""]",banglasarc3_binary,1,False,3,csebuetnlp/banglabert,791,0,0,791,0.7488711725694934,0.7496839443742098,0.7488892341651538,0.7528133903133902,0.7496132208157524,0.8055555555555556,0.6936708860759494,1.1377391191563129,0.05088955057138131,0.03459608588699287,0.34514605958099637,0.3415433514176164,"[[319, 77], [121, 274]]",04_outputs/predictions/19_loco_pooled/19_B_fgm_ben_sarc_binary+banglasarc_binary+banglasarc3_binary_seed1_to_banglasarc3_binary.csv,6970de89ef36b0ad,pooled_all,,0.7884213489375859,0.7887840670859538,440.66160583496094
B,fgm,ben_sarc_binary+banglasarc_binary+banglasarc3_binary,"[""ben_sarc_binary"", ""banglasarc_binary"", ""banglasarc3_binary""]",ben_sarc_binary,7,False,3,csebuetnlp/banglabert,2563,0,0,2563,0.7919340258818495,0.7920405774483028,0.7919321887858761,0.792659352460917,0.7920495274143519,0.8149882903981265,0.7691107644305772,1.1683814131525574,0.024425829081684107,0.010639850806668285,0.28639835442466255,0.2854487247341376,"[[1044, 237], [296, 986]]",04_outputs/predictions/19_loco_pooled/19_B_fgm_ben_sarc_binary+banglasarc_binary+banglasarc3_binary_seed7_to_ben_sarc_binary.csv,6970de89ef36b0ad,pooled_all,,0.7929798961483552,0.7932389937106918,466.6336739063263
B,fgm,ben_sarc_binary+banglasarc_binary+banglasarc3_binary,"[""ben_sarc_binary"", ""banglasarc_binary"", ""banglasarc3_binary""]",banglasarc_binary,7,False,3,csebuetnlp/banglabert,464,0,0,464,0.8587928410984711,0.8642241379310345,0.8666712057347169,0.8529953570555837,0.8796191477318671,0.825503355704698,0.9337349397590361,1.1683814131525574,0.04075975057378768,0.03871006309095423,0.18883052969250755,0.18793232259014198,"[[246, 52], [11, 155]]",04_outputs/predictions/19_loco_pooled/19_B_fgm_ben_sarc_binary+banglasarc_binary+banglasarc3_binary_seed7_to_banglasarc_binary.csv,6970de89ef36b0ad,pooled_all,,0.7929798961483552,0.7932389937106918,466.6336739063263
B,fgm,ben_sarc_binary+banglasarc_binary+banglasarc3_binary,"[""ben_sarc_binary"", ""banglasarc_binary"", ""banglasarc3_binary""]",banglasarc3_binary,7,False,3,csebuetnlp/banglabert,791,0,0,791,0.7243884818494508,0.7243994943109987,0.7243862793571413,0.724451691284609,0.7244086433959851,0.7171717171717171,0.7316455696202532,1.1683814131525574,0.07494117217559237,0.051777169702864466,0.3776600854551449,0.3700189266944494,"[[284, 112], [106, 289]]",04_outputs/predictions/19_loco_pooled/19_B_fgm_ben_sarc_binary+banglasarc_binary+banglasarc3_binary_seed7_to_banglasarc3_binary.csv,6970de89ef36b0ad,pooled_all,,0.7929798961483552,0.7932389937106918,466.6336739063263
B,fgm,ben_sarc_binary+banglasarc_binary+banglasarc3_binary,"[""ben_sarc_binary"", ""banglasarc_binary"", ""banglasarc3_binary""]",ben_sarc_binary,123,False,3,csebuetnlp/banglabert,2563,0,0,2563,0.7843555431991278,0.7846273897776044,0.7843525558740896,0.7860998733069339,0.7846413622352857,0.8204527712724434,0.748829953198128,2.1764289431004546,0.12297430856879848,0.017732489265818434,0.3404855436476056,0.30533185138834396,"[[1051, 230], [322, 960]]",04_outputs/predictions/19_loco_pooled/19_B_fgm_ben_sarc_binary+banglasarc_binary+banglasarc3_binary_seed123_to_ben_sarc_binary.csv,6970de89ef36b0ad,pooled_all,,0.7903717010662987,0.7908805031446541,672.6948630809784
B,fgm,ben_sarc_binary+banglasarc_binary+banglasarc3_binary,"[""ben_sarc_binary"", ""banglasarc_binary"", ""banglasarc3_binary""]",banglasarc_binary,123,False,3,csebuetnlp/banglabert,464,0,0,464,0.8635129596142255,0.8685344827586207,0.8709606119182723,0.8579510273008726,0.8856432441174092,0.825503355704698,0.9457831325301205,2.1764289431004546,0.08401451759291825,0.08300091617023797,0.19988883741960803,0.17338390439294543,"[[246, 52], [9, 157]]",04_outputs/predictions/19_loco_pooled/19_B_fgm_ben_sarc_binary+banglasarc_binary+banglasarc3_binary_seed123_to_banglasarc_binary.csv,6970de89ef36b0ad,pooled_all,,0.7903717010662987,0.7908805031446541,672.6948630809784
B,fgm,ben_sarc_binary+banglasarc_binary+banglasarc3_binary,"[""ben_sarc_binary"", ""banglasarc_binary"", ""banglasarc3_binary""]",banglasarc3_binary,123,False,3,csebuetnlp/banglabert,791,0,0,791,0.7318301029872705,0.7319848293299621,0.7318382464789912,0.7324638962569997,0.7319556322720879,0.7550505050505051,0.7088607594936709,2.1764289431004546,0.16674680437981132,0.0486970787676354,0.4110084684021662,0.3544400232134549,"[[299, 97], [115, 280]]",04_outputs/predictions/19_loco_pooled/19_B_fgm_ben_sarc_binary+banglasarc_binary+banglasarc3_binary_seed123_to_banglasarc3_binary.csv,6970de89ef36b0ad,pooled_all,,0.7903717010662987,0.7908805031446541,672.6948630809784
B,fgm,ben_sarc_binary+banglasarc_binary+banglasarc3_binary,"[""ben_sarc_binary"", ""banglasarc_binary"", ""banglasarc3_binary""]",ben_sarc_binary,2024,False,3,csebuetnlp/banglabert,2563,0,0,2563,0.7904333605887163,0.7908700741318767,0.7904296279943303,0.7933541754173943,0.7908880055436409,0.8368462138953943,0.7449297971918877,1.1616948170715324,0.02199663815549089,0.013183694989308643,0.29355161487948545,0.29273718515086383,"[[1072, 209], [327, 955]]",04_outputs/predictions/19_loco_pooled/19_B_fgm_ben_sarc_binary+banglasarc_binary+banglasarc3_binary_seed2024_to_ben_sarc_binary.csv,6970de89ef36b0ad,pooled_all,,0.7935040878891866,0.7942872117400419,456.0090579986572
B,fgm,ben_sarc_binary+banglasarc_binary+banglasarc3_binary,"[""ben_sarc_binary"", ""banglasarc_binary"", ""banglasarc3_binary""]",banglasarc_binary,2024,False,3,csebuetnlp/banglabert,464,0,0,464,0.8653980041773033,0.8706896551724138,0.8729903729963749,0.8592609317377888,0.8859869006226248,0.8322147651006712,0.9397590361445783,1.1616948170715324,0.04544522192888912,0.04622287414952955,0.17252922511521993,0.17136856559085575,"[[248, 50], [10, 156]]",04_outputs/predictions/19_loco_pooled/19_B_fgm_ben_sarc_binary+banglasarc_binary+banglasarc3_binary_seed2024_to_banglasarc_binary.csv,6970de89ef36b0ad,pooled_all,,0.7935040878891866,0.7942872117400419,456.0090579986572
B,fgm,ben_sarc_binary+banglasarc_binary+banglasarc3_binary,"[""ben_sarc_binary"", ""banglasarc_binary"", ""banglasarc3_binary""]",banglasarc3_binary,2024,False,3,csebuetnlp/banglabert,791,0,0,791,0.7392196402278983,0.7395701643489254,0.7392317272665544,0.740774895892242,0.7395249968034778,0.7752525252525253,0.7037974683544304,1.1616948170715324,0.06414692335488842,0.045551017902696556,0.35580334904839656,0.3502759934399167,"[[307, 89], [117, 278]]",04_outputs/predictions/19_loco_pooled/19_B_fgm_ben_sarc_binary+banglasarc_binary+banglasarc3_binary_seed2024_to_banglasarc3_binary.csv,6970de89ef36b0ad,pooled_all,,0.7935040878891866,0.7942872117400419,456.0090579986572
