system,source,target,seed,k,n_shot_actual,macro_f1,accuracy,recall_class_0,recall_class_1,n_eval_clean,adapt_seconds,config_hash
fgm,ben_sarc_binary,banglasarc_binary,42,0,0,0.650987864807943,0.6767241379310345,0.738255033557047,0.5662650602409639,464,0.0,6970de89ef36b0ad
fgm,ben_sarc_binary,banglasarc_binary,42,25,25,0.6692277227722773,0.709051724137931,0.8221476510067114,0.5060240963855421,464,2.650282144546509,6970de89ef36b0ad
fgm,ben_sarc_binary,banglasarc_binary,42,50,50,0.7628424094288158,0.7823275862068966,0.8322147651006712,0.6927710843373494,464,2.8488690853118896,6970de89ef36b0ad
fgm,ben_sarc_binary,banglasarc_binary,42,100,100,0.8370910867209086,0.8512931034482759,0.8926174496644296,0.7771084337349398,464,4.489400863647461,6970de89ef36b0ad
fgm,ben_sarc_binary,banglasarc_binary,42,250,250,0.902027027027027,0.9094827586206896,0.9228187919463087,0.8855421686746988,464,5.204998731613159,6970de89ef36b0ad
fgm,ben_sarc_binary,banglasarc_binary,42,500,500,0.9186720280441283,0.9267241379310345,0.9664429530201343,0.8554216867469879,464,9.338871002197266,6970de89ef36b0ad
fgm,ben_sarc_binary,banglasarc_binary,42,1000,1000,0.924342172309072,0.9310344827586207,0.9563758389261745,0.8855421686746988,464,8.35163927078247,6970de89ef36b0ad
fgm,ben_sarc_binary,banglasarc3_binary,42,0,0,0.6583710841523341,0.6586599241466498,0.6868686868686869,0.6303797468354431,791,0.0,6970de89ef36b0ad
fgm,ben_sarc_binary,banglasarc3_binary,42,25,25,0.6676427620266584,0.6713021491782554,0.7752525252525253,0.5670886075949367,791,2.797794818878174,6970de89ef36b0ad
fgm,ben_sarc_binary,banglasarc3_binary,42,50,50,0.6917514613552718,0.6927939317319848,0.75,0.6354430379746835,791,4.282525539398193,6970de89ef36b0ad
fgm,ben_sarc_binary,banglasarc3_binary,42,100,100,0.7145846864400665,0.7155499367888748,0.7727272727272727,0.6582278481012658,791,4.538870573043823,6970de89ef36b0ad
fgm,ben_sarc_binary,banglasarc3_binary,42,250,250,0.6951830443159923,0.6978508217446271,0.7904040404040404,0.6050632911392405,791,4.5557332038879395,6970de89ef36b0ad
fgm,ben_sarc_binary,banglasarc3_binary,42,500,500,0.7368562472010748,0.7370417193426043,0.7626262626262627,0.7113924050632912,791,6.381710529327393,6970de89ef36b0ad
fgm,ben_sarc_binary,banglasarc3_binary,42,1000,1000,0.7368192055692055,0.7370417193426043,0.7651515151515151,0.7088607594936709,791,7.413973569869995,6970de89ef36b0ad
fgm,ben_sarc_binary,banglasarc_binary,1,0,0,0.5933391761612621,0.6293103448275862,0.7214765100671141,0.463855421686747,464,0.0,6970de89ef36b0ad
fgm,ben_sarc_binary,banglasarc_binary,1,25,25,0.6669342960903063,0.709051724137931,0.8288590604026845,0.4939759036144578,464,2.8598225116729736,6970de89ef36b0ad
fgm,ben_sarc_binary,banglasarc_binary,1,50,50,0.7436689091162545,0.7693965517241379,0.8456375838926175,0.6325301204819277,464,2.8999671936035156,6970de89ef36b0ad
fgm,ben_sarc_binary,banglasarc_binary,1,100,100,0.8693693693693694,0.8793103448275862,0.8993288590604027,0.8433734939759037,464,3.773775815963745,6970de89ef36b0ad
fgm,ben_sarc_binary,banglasarc_binary,1,250,250,0.8752124868702142,0.8857758620689655,0.9161073825503355,0.8313253012048193,464,5.208406448364258,6970de89ef36b0ad
fgm,ben_sarc_binary,banglasarc_binary,1,500,500,0.9196135580783891,0.9267241379310345,0.9530201342281879,0.8795180722891566,464,7.456522226333618,6970de89ef36b0ad
fgm,ben_sarc_binary,banglasarc_binary,1,1000,1000,0.949991531817272,0.9547413793103449,0.9832214765100671,0.9036144578313253,464,8.425750255584717,6970de89ef36b0ad
fgm,ben_sarc_binary,banglasarc3_binary,1,0,0,0.6509803169243755,0.6510745891276865,0.6338383838383839,0.6683544303797468,791,0.0,6970de89ef36b0ad
fgm,ben_sarc_binary,banglasarc3_binary,1,25,25,0.7059171930954009,0.7079646017699115,0.7904040404040404,0.6253164556962025,791,2.557304859161377,6970de89ef36b0ad
fgm,ben_sarc_binary,banglasarc3_binary,1,50,50,0.7496803436944597,0.7496839443742098,0.7449494949494949,0.7544303797468355,791,3.854649066925049,6970de89ef36b0ad
fgm,ben_sarc_binary,banglasarc3_binary,1,100,100,0.7201488176711379,0.7206068268015171,0.6792929292929293,0.7620253164556962,791,5.384732246398926,6970de89ef36b0ad
fgm,ben_sarc_binary,banglasarc3_binary,1,250,250,0.74333657813007,0.7433628318584071,0.7525252525252525,0.7341772151898734,791,4.884318590164185,6970de89ef36b0ad
fgm,ben_sarc_binary,banglasarc3_binary,1,500,500,0.7446266462089246,0.7446270543615676,0.7449494949494949,0.7443037974683544,791,6.113145351409912,6970de89ef36b0ad
fgm,ben_sarc_binary,banglasarc3_binary,1,1000,1000,0.750933836280958,0.7509481668773704,0.7575757575757576,0.7443037974683544,791,9.473288536071777,6970de89ef36b0ad
fgm,ben_sarc_binary,banglasarc_binary,7,0,0,0.5862493081606297,0.625,0.7248322147651006,0.4457831325301205,464,0.0,6970de89ef36b0ad
fgm,ben_sarc_binary,banglasarc_binary,7,25,25,0.6615119031045524,0.7176724137931034,0.8758389261744967,0.43373493975903615,464,2.009491205215454,6970de89ef36b0ad
fgm,ben_sarc_binary,banglasarc_binary,7,50,50,0.7601821763938286,0.7823275862068966,0.8456375838926175,0.6686746987951807,464,3.011347770690918,6970de89ef36b0ad
fgm,ben_sarc_binary,banglasarc_binary,7,100,100,0.855663689285873,0.8642241379310345,0.8624161073825504,0.8674698795180723,464,4.286450147628784,6970de89ef36b0ad
fgm,ben_sarc_binary,banglasarc_binary,7,250,250,0.9206885456885456,0.9267241379310345,0.9362416107382551,0.9096385542168675,464,3.5666403770446777,6970de89ef36b0ad
fgm,ben_sarc_binary,banglasarc_binary,7,500,500,0.9529745616702139,0.9568965517241379,0.9697986577181208,0.9337349397590361,464,7.283202648162842,6970de89ef36b0ad
fgm,ben_sarc_binary,banglasarc_binary,7,1000,1000,0.966899700385219,0.9698275862068966,0.9865771812080537,0.9397590361445783,464,8.182862281799316,6970de89ef36b0ad
fgm,ben_sarc_binary,banglasarc3_binary,7,0,0,0.648545582406342,0.6485461441213654,0.6464646464646465,0.6506329113924051,791,0.0,6970de89ef36b0ad
fgm,ben_sarc_binary,banglasarc3_binary,7,25,25,0.6852065842279642,0.6852085967130215,0.6818181818181818,0.6886075949367089,791,2.41447114944458,6970de89ef36b0ad
fgm,ben_sarc_binary,banglasarc3_binary,7,50,50,0.7030323450134771,0.7041719342604298,0.7651515151515151,0.6430379746835443,791,2.8446309566497803,6970de89ef36b0ad
fgm,ben_sarc_binary,banglasarc3_binary,7,100,100,0.6968954991232058,0.7016434892541087,0.8257575757575758,0.5772151898734177,791,3.150242567062378,6970de89ef36b0ad
fgm,ben_sarc_binary,banglasarc3_binary,7,250,250,0.7182614555256065,0.7193426042983565,0.7803030303030303,0.6582278481012658,791,4.18342399597168,6970de89ef36b0ad
fgm,ben_sarc_binary,banglasarc3_binary,7,500,500,0.734288621007371,0.7345132743362832,0.7626262626262627,0.7063291139240506,791,8.803969860076904,6970de89ef36b0ad
fgm,ben_sarc_binary,banglasarc3_binary,7,1000,1000,0.7483167446136627,0.7484197218710493,0.7272727272727273,0.769620253164557,791,7.250183343887329,6970de89ef36b0ad
fgm,banglasarc_binary,ben_sarc_binary,42,0,0,0.349436832216803,0.49902458056964494,0.9789227166276346,0.01950078003120125,2563,0.0,6970de89ef36b0ad
fgm,banglasarc_binary,ben_sarc_binary,42,25,24,0.5507319610158896,0.5509168942645337,0.5714285714285714,0.5304212168486739,2563,2.1357243061065674,6970de89ef36b0ad
fgm,banglasarc_binary,ben_sarc_binary,42,50,50,0.5683292826294855,0.5684744440109247,0.5870413739266198,0.5499219968798752,2563,2.3557727336883545,6970de89ef36b0ad
fgm,banglasarc_binary,ben_sarc_binary,42,100,100,0.6187235253621934,0.6227077643386656,0.7252146760343482,0.5202808112324493,2563,3.8807525634765625,6970de89ef36b0ad
fgm,banglasarc_binary,ben_sarc_binary,42,250,250,0.6441952133447102,0.6562621927428794,0.8407494145199064,0.4719188767550702,2563,6.054582357406616,6970de89ef36b0ad
fgm,banglasarc_binary,ben_sarc_binary,42,500,500,0.7056347174590907,0.7077643386656263,0.7931303669008587,0.6224648985959438,2563,9.509798765182495,6970de89ef36b0ad
fgm,banglasarc_binary,ben_sarc_binary,42,1000,1000,0.7046634448442721,0.7093250097541943,0.8352849336455894,0.5834633385335414,2563,6.401952743530273,6970de89ef36b0ad
fgm,banglasarc_binary,banglasarc3_binary,42,0,0,0.3392115976566379,0.484251968503937,0.9784366576819407,0.015345268542199489,762,0.0,6970de89ef36b0ad
fgm,banglasarc_binary,banglasarc3_binary,42,25,25,0.5304691483936768,0.5433070866141733,0.7277628032345014,0.36828644501278773,762,2.4524199962615967,6970de89ef36b0ad
fgm,banglasarc_binary,banglasarc3_binary,42,50,50,0.5888642769106125,0.589238845144357,0.6361185983827493,0.5447570332480819,762,3.11767840385437,6970de89ef36b0ad
fgm,banglasarc_binary,banglasarc3_binary,42,100,100,0.6409748385883101,0.6417322834645669,0.706199460916442,0.5805626598465473,762,3.0681517124176025,6970de89ef36b0ad
fgm,banglasarc_binary,banglasarc3_binary,42,250,250,0.6484321138175726,0.6548556430446194,0.8113207547169812,0.5063938618925832,762,3.6083669662475586,6970de89ef36b0ad
fgm,banglasarc_binary,banglasarc3_binary,42,500,500,0.6992010204873171,0.699475065616798,0.7493261455525606,0.6521739130434783,762,7.67516827583313,6970de89ef36b0ad
fgm,banglasarc_binary,banglasarc3_binary,42,1000,1000,0.7176333110997358,0.7178477690288714,0.7654986522911051,0.6726342710997443,762,7.3046112060546875,6970de89ef36b0ad
fgm,banglasarc_binary,ben_sarc_binary,1,0,0,0.3418673206772885,0.49941474834178695,0.9890710382513661,0.01014040561622465,2563,0.0,6970de89ef36b0ad
fgm,banglasarc_binary,ben_sarc_binary,1,25,24,0.5604513918555308,0.5676941084666407,0.6963309914129586,0.4391575663026521,2563,2.5431432723999023,6970de89ef36b0ad
fgm,banglasarc_binary,ben_sarc_binary,1,50,50,0.5809788740944908,0.5875926648458837,0.7135050741608119,0.46177847113884557,2563,4.660732269287109,6970de89ef36b0ad
fgm,banglasarc_binary,ben_sarc_binary,1,100,100,0.623817188174328,0.6336324619586422,0.795472287275566,0.4719188767550702,2563,4.211331129074097,6970de89ef36b0ad
fgm,banglasarc_binary,ben_sarc_binary,1,250,250,0.6562064197898783,0.6586031993757315,0.7423887587822015,0.5748829953198128,2563,3.6767871379852295,6970de89ef36b0ad
fgm,banglasarc_binary,ben_sarc_binary,1,500,500,0.680947745748363,0.6866952789699571,0.8212334113973458,0.5522620904836193,2563,9.693556547164917,6970de89ef36b0ad
fgm,banglasarc_binary,ben_sarc_binary,1,1000,1000,0.7207138047138048,0.722200546234881,0.795472287275566,0.6489859594383776,2563,8.550143241882324,6970de89ef36b0ad
fgm,banglasarc_binary,banglasarc3_binary,1,0,0,0.33408728730787024,0.4868766404199475,0.9919137466307277,0.0076726342710997444,762,0.0,6970de89ef36b0ad
fgm,banglasarc_binary,banglasarc3_binary,1,25,25,0.5144601921150332,0.5459317585301837,0.8221024258760108,0.28388746803069054,762,2.413588523864746,6970de89ef36b0ad
fgm,banglasarc_binary,banglasarc3_binary,1,50,50,0.590751881935345,0.5971128608923885,0.7412398921832885,0.46035805626598464,762,3.6007180213928223,6970de89ef36b0ad
fgm,banglasarc_binary,banglasarc3_binary,1,100,100,0.6299354086736924,0.6325459317585301,0.7358490566037735,0.5345268542199488,762,4.092024564743042,6970de89ef36b0ad
fgm,banglasarc_binary,banglasarc3_binary,1,250,250,0.6785143687104471,0.6797900262467191,0.7628032345013477,0.6010230179028133,762,4.084726810455322,6970de89ef36b0ad
fgm,banglasarc_binary,banglasarc3_binary,1,500,500,0.6938847600379562,0.6955380577427821,0.7897574123989218,0.6061381074168798,762,6.652816534042358,6970de89ef36b0ad
fgm,banglasarc_binary,banglasarc3_binary,1,1000,1000,0.7263553075106823,0.7283464566929134,0.8355795148247979,0.6265984654731458,762,10.922250747680664,6970de89ef36b0ad
fgm,banglasarc_binary,ben_sarc_binary,7,0,0,0.351595164227209,0.5021459227467812,0.9843871975019516,0.0202808112324493,2563,0.0,6970de89ef36b0ad
fgm,banglasarc_binary,ben_sarc_binary,7,25,24,0.563354555110263,0.573936792820913,0.7298985167837627,0.41809672386895474,2563,2.548758029937744,6970de89ef36b0ad
fgm,banglasarc_binary,ben_sarc_binary,7,50,50,0.5914935064935065,0.5996878657822864,0.741608118657299,0.4578783151326053,2563,3.059483289718628,6970de89ef36b0ad
fgm,banglasarc_binary,ben_sarc_binary,7,100,100,0.6096760203746379,0.6156847444401092,0.7400468384074942,0.4914196567862715,2563,4.635837554931641,6970de89ef36b0ad
fgm,banglasarc_binary,ben_sarc_binary,7,250,250,0.6694582433077659,0.6710885680842762,0.741608118657299,0.6006240249609984,2563,5.383753299713135,6970de89ef36b0ad
fgm,banglasarc_binary,ben_sarc_binary,7,500,500,0.6901973134252323,0.6944986344127975,0.8126463700234192,0.5764430577223089,2563,8.640122890472412,6970de89ef36b0ad
fgm,banglasarc_binary,ben_sarc_binary,7,1000,1000,0.7186601221817075,0.7206398751463129,0.804839968774395,0.6365054602184087,2563,9.92674446105957,6970de89ef36b0ad
fgm,banglasarc_binary,banglasarc3_binary,7,0,0,0.3316130866067245,0.4816272965879265,0.9811320754716981,0.0076726342710997444,762,0.0,6970de89ef36b0ad
fgm,banglasarc_binary,banglasarc3_binary,7,25,25,0.5545338199744039,0.562992125984252,0.7196765498652291,0.4143222506393862,762,2.5505292415618896,6970de89ef36b0ad
fgm,banglasarc_binary,banglasarc3_binary,7,50,50,0.5711149884617549,0.5800524934383202,0.7439353099730458,0.42455242966751916,762,2.752101182937622,6970de89ef36b0ad
fgm,banglasarc_binary,banglasarc3_binary,7,100,100,0.5924848823796707,0.5984251968503937,0.738544474393531,0.46547314578005117,762,3.717470407485962,6970de89ef36b0ad
fgm,banglasarc_binary,banglasarc3_binary,7,250,250,0.6689124460149195,0.6732283464566929,0.8086253369272237,0.5447570332480819,762,3.3181118965148926,6970de89ef36b0ad
fgm,banglasarc_binary,banglasarc3_binary,7,500,500,0.6953767078837384,0.6968503937007874,0.7870619946091644,0.6112531969309463,762,6.7079126834869385,6970de89ef36b0ad
fgm,banglasarc_binary,banglasarc3_binary,7,1000,1000,0.724401854543701,0.7244094488188977,0.738544474393531,0.710997442455243,762,9.867756366729736,6970de89ef36b0ad
fgm,banglasarc3_binary,ben_sarc_binary,42,0,0,0.6715615579090033,0.6777214202106906,0.5409836065573771,0.8143525741029641,2563,0.0,6970de89ef36b0ad
fgm,banglasarc3_binary,ben_sarc_binary,42,25,24,0.6957918196219433,0.6960593055013656,0.7259953161592506,0.6661466458658346,2563,2.687135934829712,6970de89ef36b0ad
fgm,banglasarc3_binary,ben_sarc_binary,42,50,50,0.7138409444495286,0.7143971907920406,0.6705698672911787,0.7581903276131046,2563,2.8354148864746094,6970de89ef36b0ad
fgm,banglasarc3_binary,ben_sarc_binary,42,100,100,0.7233668383400551,0.723371049551307,0.7275565964090555,0.719188767550702,2563,5.125454664230347,6970de89ef36b0ad
fgm,banglasarc3_binary,ben_sarc_binary,42,250,250,0.7210862395880213,0.7237612173234491,0.8220140515222483,0.625585023400936,2563,5.304859399795532,6970de89ef36b0ad
fgm,banglasarc3_binary,ben_sarc_binary,42,500,500,0.7479147406641404,0.7479516191962544,0.760343481654957,0.7355694227769111,2563,5.593811511993408,6970de89ef36b0ad
fgm,banglasarc3_binary,ben_sarc_binary,42,1000,1000,0.7581745612570984,0.758486149044089,0.7946916471506635,0.7223088923556942,2563,6.935547351837158,6970de89ef36b0ad
fgm,banglasarc3_binary,banglasarc_binary,42,0,0,0.6000106058597375,0.6032110091743119,0.5592592592592592,0.6746987951807228,436,0.0,6970de89ef36b0ad
fgm,banglasarc3_binary,banglasarc_binary,42,25,25,0.7391130908849146,0.7522935779816514,0.7888888888888889,0.6927710843373494,436,3.1366400718688965,6970de89ef36b0ad
fgm,banglasarc3_binary,banglasarc_binary,42,50,50,0.7169421364543316,0.75,0.8814814814814815,0.536144578313253,436,4.044647216796875,6970de89ef36b0ad
fgm,banglasarc3_binary,banglasarc_binary,42,100,100,0.8955467526896099,0.9013761467889908,0.9185185185185185,0.8734939759036144,436,5.02799391746521,6970de89ef36b0ad
fgm,banglasarc3_binary,banglasarc_binary,42,250,250,0.9216162160947436,0.926605504587156,0.9518518518518518,0.8855421686746988,436,4.290982007980347,6970de89ef36b0ad
fgm,banglasarc3_binary,banglasarc_binary,42,500,500,0.9438669555044306,0.9472477064220184,0.9629629629629629,0.9216867469879518,436,8.259939908981323,6970de89ef36b0ad
fgm,banglasarc3_binary,banglasarc_binary,42,1000,1000,0.9587045301331016,0.9610091743119266,0.9666666666666667,0.9518072289156626,436,8.868807077407837,6970de89ef36b0ad
fgm,banglasarc3_binary,ben_sarc_binary,1,0,0,0.6733434632594297,0.6742099102614124,0.6229508196721312,0.7254290171606864,2563,0.0,6970de89ef36b0ad
fgm,banglasarc3_binary,ben_sarc_binary,1,25,24,0.7048659852605721,0.7050331642606321,0.6814988290398126,0.7285491419656787,2563,3.6472299098968506,6970de89ef36b0ad
fgm,banglasarc3_binary,ben_sarc_binary,1,50,50,0.7255409205935895,0.7257120561841592,0.7010148321623731,0.750390015600624,2563,3.9995808601379395,6970de89ef36b0ad
fgm,banglasarc3_binary,ben_sarc_binary,1,100,100,0.7060473360442081,0.7081545064377682,0.7931303669008587,0.6232449297971919,2563,4.889681816101074,6970de89ef36b0ad
fgm,banglasarc3_binary,ben_sarc_binary,1,250,250,0.7248675139968284,0.7257120561841592,0.7814207650273224,0.6700468018720749,2563,4.147765636444092,6970de89ef36b0ad
fgm,banglasarc3_binary,ben_sarc_binary,1,500,500,0.7523075093897859,0.7526336324619587,0.7892271662763466,0.7160686427457098,2563,9.143964767456055,6970de89ef36b0ad
fgm,banglasarc3_binary,ben_sarc_binary,1,1000,1000,0.7612091443965543,0.7612173234490831,0.7673692427790788,0.7550702028081123,2563,17.087316274642944,6970de89ef36b0ad
fgm,banglasarc3_binary,banglasarc_binary,1,0,0,0.6489476101699495,0.658256880733945,0.662962962962963,0.6506024096385542,436,0.0,6970de89ef36b0ad
fgm,banglasarc3_binary,banglasarc_binary,1,25,25,0.7738938541321858,0.7844036697247706,0.8074074074074075,0.7469879518072289,436,6.351331472396851,6970de89ef36b0ad
fgm,banglasarc3_binary,banglasarc_binary,1,50,50,0.8018181818181818,0.8211009174311926,0.9148148148148149,0.6686746987951807,436,8.445419788360596,6970de89ef36b0ad
fgm,banglasarc3_binary,banglasarc_binary,1,100,100,0.8922222971302726,0.8990825688073395,0.9296296296296296,0.8493975903614458,436,10.476264953613281,6970de89ef36b0ad
fgm,banglasarc3_binary,banglasarc_binary,1,250,250,0.9218077474892397,0.926605504587156,0.9481481481481482,0.891566265060241,436,5.153837442398071,6970de89ef36b0ad
fgm,banglasarc3_binary,banglasarc_binary,1,500,500,0.9418976545842217,0.944954128440367,0.9481481481481482,0.9397590361445783,436,8.260353088378906,6970de89ef36b0ad
fgm,banglasarc3_binary,banglasarc_binary,1,1000,1000,0.9541527614050818,0.9564220183486238,0.9518518518518518,0.963855421686747,436,7.482098579406738,6970de89ef36b0ad
fgm,banglasarc3_binary,ben_sarc_binary,7,0,0,0.6752562488898105,0.6757705813499805,0.6362217017954723,0.7152886115444618,2563,0.0,6970de89ef36b0ad
fgm,banglasarc3_binary,ben_sarc_binary,7,25,24,0.703396592322432,0.703472493172064,0.687743950039032,0.719188767550702,2563,3.6788558959960938,6970de89ef36b0ad
fgm,banglasarc3_binary,ben_sarc_binary,7,50,50,0.7221971207303275,0.722200546234881,0.7189695550351288,0.7254290171606864,2563,3.3037755489349365,6970de89ef36b0ad
fgm,banglasarc3_binary,ben_sarc_binary,7,100,100,0.6916444505185654,0.6929379633242294,0.7580015612802498,0.6279251170046802,2563,4.3610639572143555,6970de89ef36b0ad
fgm,banglasarc3_binary,ben_sarc_binary,7,250,250,0.7393288933637261,0.739758095981272,0.78064012490242,0.6989079563182528,2563,3.6566340923309326,6970de89ef36b0ad
fgm,banglasarc3_binary,ben_sarc_binary,7,500,500,0.7406097347082047,0.74131876706984,0.7939110070257611,0.6887675507020281,2563,6.481782913208008,6970de89ef36b0ad
fgm,banglasarc3_binary,ben_sarc_binary,7,1000,1000,0.7500176782270079,0.7502926258291065,0.7837626854020296,0.7168486739469578,2563,9.302006959915161,6970de89ef36b0ad
fgm,banglasarc3_binary,banglasarc_binary,7,0,0,0.6698970321017566,0.6788990825688074,0.6814814814814815,0.6746987951807228,436,0.0,6970de89ef36b0ad
fgm,banglasarc3_binary,banglasarc_binary,7,25,25,0.8114784814505203,0.8279816513761468,0.9074074074074074,0.6987951807228916,436,2.8188321590423584,6970de89ef36b0ad
fgm,banglasarc3_binary,banglasarc_binary,7,50,50,0.8511254037291418,0.8600917431192661,0.8925925925925926,0.8072289156626506,436,2.6305155754089355,6970de89ef36b0ad
fgm,banglasarc3_binary,banglasarc_binary,7,100,100,0.913944295003017,0.9197247706422018,0.9518518518518518,0.8674698795180723,436,3.8561015129089355,6970de89ef36b0ad
fgm,banglasarc3_binary,banglasarc_binary,7,250,250,0.9386865419772183,0.9426605504587156,0.9666666666666667,0.9036144578313253,436,4.06214451789856,6970de89ef36b0ad
fgm,banglasarc3_binary,banglasarc_binary,7,500,500,0.9414961422341497,0.944954128440367,0.9592592592592593,0.9216867469879518,436,7.569210052490234,6970de89ef36b0ad
fgm,banglasarc3_binary,banglasarc_binary,7,1000,1000,0.9633914927202807,0.9655963302752294,0.9777777777777777,0.9457831325301205,436,7.0830748081207275,6970de89ef36b0ad
