system,protocol,source,held_out_corpus,target,seed,held_out,n_removed_all_source,n_eval_clean,epochs_budget,best_epoch,val_macro_f1,test_macro_f1,test_accuracy,test_recall_class_1,temperature,ece,train_seconds,prediction_path
dann_matched,loco,banglasarc3_binary+banglasarc_binary,ben_sarc_binary,ben_sarc_binary,42,True,0,2563,8,2,0.8270944935871496,0.4960515308915773,0.5583300819352321,0.20670826833073322,1.1453747993842587,0.3605184165572304,80.8203456401825,04_outputs/predictions/20_dann_matched/20_dannmatched_banglasarc3_binary+banglasarc_binary_seed42_to_ben_sarc_binary.csv
dann_matched,loco,banglasarc3_binary+banglasarc_binary,ben_sarc_binary,banglasarc_binary,42,False,0,464,8,2,0.8270944935871496,0.9056381970864107,0.9116379310344828,0.9216867469879518,1.1453747993842587,0.05137228305942164,80.8203456401825,04_outputs/predictions/20_dann_matched/20_dannmatched_banglasarc3_binary+banglasarc_binary_seed42_to_banglasarc_binary.csv
dann_matched,loco,banglasarc3_binary+banglasarc_binary,ben_sarc_binary,banglasarc3_binary,42,False,0,791,8,2,0.8270944935871496,0.7609641443818204,0.7610619469026548,0.7417721518987341,1.1453747993842587,0.05468495623339417,80.8203456401825,04_outputs/predictions/20_dann_matched/20_dannmatched_banglasarc3_binary+banglasarc_binary_seed42_to_banglasarc3_binary.csv
dann_matched,loco,banglasarc3_binary+banglasarc_binary,ben_sarc_binary,ben_sarc_binary,1,True,0,2563,8,4,0.8202703542878085,0.4699195280949259,0.5450643776824035,0.1684867394695788,2.032943863978997,0.4022515622063838,120.6132743358612,04_outputs/predictions/20_dann_matched/20_dannmatched_banglasarc3_binary+banglasarc_binary_seed1_to_ben_sarc_binary.csv
dann_matched,loco,banglasarc3_binary+banglasarc_binary,ben_sarc_binary,banglasarc_binary,1,False,0,464,8,4,0.8202703542878085,0.9310344827586208,0.9353448275862069,0.9578313253012049,2.032943863978997,0.031203885294325544,120.6132743358612,04_outputs/predictions/20_dann_matched/20_dannmatched_banglasarc3_binary+banglasarc_binary_seed1_to_banglasarc_binary.csv
dann_matched,loco,banglasarc3_binary+banglasarc_binary,ben_sarc_binary,banglasarc3_binary,1,False,0,791,8,4,0.8202703542878085,0.7407105982583028,0.7433628318584071,0.6430379746835443,2.032943863978997,0.16814553623981465,120.6132743358612,04_outputs/predictions/20_dann_matched/20_dannmatched_banglasarc3_binary+banglasarc_binary_seed1_to_banglasarc3_binary.csv
dann_matched,loco,banglasarc3_binary+banglasarc_binary,ben_sarc_binary,ben_sarc_binary,7,True,0,2563,8,3,0.8142719889549724,0.4959344786854232,0.554818571985954,0.21294851794071762,1.4912607837734826,0.3526217359638448,99.84700584411621,04_outputs/predictions/20_dann_matched/20_dannmatched_banglasarc3_binary+banglasarc_binary_seed7_to_ben_sarc_binary.csv
dann_matched,loco,banglasarc3_binary+banglasarc_binary,ben_sarc_binary,banglasarc_binary,7,False,0,464,8,3,0.8142719889549724,0.9139449075610566,0.9181034482758621,0.9759036144578314,1.4912607837734826,0.03910408335700494,99.84700584411621,04_outputs/predictions/20_dann_matched/20_dannmatched_banglasarc3_binary+banglasarc_binary_seed7_to_banglasarc_binary.csv
dann_matched,loco,banglasarc3_binary+banglasarc_binary,ben_sarc_binary,banglasarc3_binary,7,False,0,791,8,3,0.8142719889549724,0.7656859213001881,0.7661188369152971,0.7240506329113924,1.4912607837734826,0.09374164028050139,99.84700584411621,04_outputs/predictions/20_dann_matched/20_dannmatched_banglasarc3_binary+banglasarc_binary_seed7_to_banglasarc3_binary.csv
dann_matched,loco,banglasarc3_binary+banglasarc_binary,ben_sarc_binary,ben_sarc_binary,123,True,0,2563,8,3,0.8258212375859435,0.49328141784806445,0.557159578618806,0.20202808112324494,1.322050315368429,0.35590047404950853,100.15492939949036,04_outputs/predictions/20_dann_matched/20_dannmatched_banglasarc3_binary+banglasarc_binary_seed123_to_ben_sarc_binary.csv
dann_matched,loco,banglasarc3_binary+banglasarc_binary,ben_sarc_binary,banglasarc_binary,123,False,0,464,8,3,0.8258212375859435,0.9177936573554597,0.9224137931034483,0.9578313253012049,1.322050315368429,0.031622238868835265,100.15492939949036,04_outputs/predictions/20_dann_matched/20_dannmatched_banglasarc3_binary+banglasarc_binary_seed123_to_banglasarc_binary.csv
dann_matched,loco,banglasarc3_binary+banglasarc_binary,ben_sarc_binary,banglasarc3_binary,123,False,0,791,8,3,0.8258212375859435,0.7696431085907398,0.7699115044247787,0.7367088607594937,1.322050315368429,0.09484102234211214,100.15492939949036,04_outputs/predictions/20_dann_matched/20_dannmatched_banglasarc3_binary+banglasarc_binary_seed123_to_banglasarc3_binary.csv
dann_matched,loco,banglasarc3_binary+banglasarc_binary,ben_sarc_binary,ben_sarc_binary,2024,True,0,2563,8,2,0.827047294070171,0.5049808491654153,0.5567694108466641,0.23322932917316694,1.051085356726728,0.35474243047581916,80.6239218711853,04_outputs/predictions/20_dann_matched/20_dannmatched_banglasarc3_binary+banglasarc_binary_seed2024_to_ben_sarc_binary.csv
dann_matched,loco,banglasarc3_binary+banglasarc_binary,ben_sarc_binary,banglasarc_binary,2024,False,0,464,8,2,0.827047294070171,0.900744802909204,0.9051724137931034,0.9698795180722891,1.051085356726728,0.043951059337793974,80.6239218711853,04_outputs/predictions/20_dann_matched/20_dannmatched_banglasarc3_binary+banglasarc_binary_seed2024_to_banglasarc_binary.csv
dann_matched,loco,banglasarc3_binary+banglasarc_binary,ben_sarc_binary,banglasarc3_binary,2024,False,0,791,8,2,0.827047294070171,0.7494336507448933,0.7496839443742098,0.7822784810126582,1.051085356726728,0.03809025663070959,80.6239218711853,04_outputs/predictions/20_dann_matched/20_dannmatched_banglasarc3_binary+banglasarc_binary_seed2024_to_banglasarc3_binary.csv
dann_matched,loco,banglasarc3_binary+ben_sarc_binary,banglasarc_binary,ben_sarc_binary,42,False,0,2563,8,2,0.7730703661037863,0.7995743378983322,0.7998439328911432,0.7628705148205929,1.047537732582203,0.010896493704929282,218.81746816635132,04_outputs/predictions/20_dann_matched/20_dannmatched_banglasarc3_binary+ben_sarc_binary_seed42_to_ben_sarc_binary.csv
dann_matched,loco,banglasarc3_binary+ben_sarc_binary,banglasarc_binary,banglasarc_binary,42,True,28,436,8,2,0.7730703661037863,0.6084553744128213,0.6422018348623854,0.4578313253012048,1.047537732582203,0.15937120972961275,218.81746816635132,04_outputs/predictions/20_dann_matched/20_dannmatched_banglasarc3_binary+ben_sarc_binary_seed42_to_banglasarc_binary.csv
dann_matched,loco,banglasarc3_binary+ben_sarc_binary,banglasarc_binary,banglasarc3_binary,42,False,0,791,8,2,0.7730703661037863,0.7258760107816712,0.7269279393173198,0.6658227848101266,1.047537732582203,0.040118686556147296,218.81746816635132,04_outputs/predictions/20_dann_matched/20_dannmatched_banglasarc3_binary+ben_sarc_binary_seed42_to_banglasarc3_binary.csv
dann_matched,loco,banglasarc3_binary+ben_sarc_binary,banglasarc_binary,ben_sarc_binary,1,False,0,2563,8,1,0.7771687689969267,0.7888625374112732,0.7889192352711666,0.8049921996879875,1.11045471882656,0.024207257405923815,167.50790119171143,04_outputs/predictions/20_dann_matched/20_dannmatched_banglasarc3_binary+ben_sarc_binary_seed1_to_ben_sarc_binary.csv
dann_matched,loco,banglasarc3_binary+ben_sarc_binary,banglasarc_binary,banglasarc_binary,1,True,28,436,8,1,0.7771687689969267,0.5144989094248651,0.555045871559633,0.3493975903614458,1.11045471882656,0.24353828673209593,167.50790119171143,04_outputs/predictions/20_dann_matched/20_dannmatched_banglasarc3_binary+ben_sarc_binary_seed1_to_banglasarc_binary.csv
dann_matched,loco,banglasarc3_binary+ben_sarc_binary,banglasarc_binary,banglasarc3_binary,1,False,0,791,8,1,0.7771687689969267,0.7215929452721036,0.7218710493046776,0.7544303797468355,1.11045471882656,0.08017361664081381,167.50790119171143,04_outputs/predictions/20_dann_matched/20_dannmatched_banglasarc3_binary+ben_sarc_binary_seed1_to_banglasarc3_binary.csv
dann_matched,loco,banglasarc3_binary+ben_sarc_binary,banglasarc_binary,ben_sarc_binary,7,False,0,2563,8,1,0.7742063407230049,0.8026648700428375,0.8029652750682793,0.8416536661466458,1.122869273980346,0.027192599515916797,165.78059840202332,04_outputs/predictions/20_dann_matched/20_dannmatched_banglasarc3_binary+ben_sarc_binary_seed7_to_ben_sarc_binary.csv
dann_matched,loco,banglasarc3_binary+ben_sarc_binary,banglasarc_binary,banglasarc_binary,7,True,28,436,8,1,0.7742063407230049,0.5758470311975847,0.6009174311926605,0.46987951807228917,1.122869273980346,0.18884538650178787,165.78059840202332,04_outputs/predictions/20_dann_matched/20_dannmatched_banglasarc3_binary+ben_sarc_binary_seed7_to_banglasarc_binary.csv
dann_matched,loco,banglasarc3_binary+ben_sarc_binary,banglasarc_binary,banglasarc3_binary,7,False,0,791,8,1,0.7742063407230049,0.7306362262884002,0.7307206068268015,0.7493670886075949,1.122869273980346,0.0756209201714331,165.78059840202332,04_outputs/predictions/20_dann_matched/20_dannmatched_banglasarc3_binary+ben_sarc_binary_seed7_to_banglasarc3_binary.csv
dann_matched,loco,banglasarc3_binary+ben_sarc_binary,banglasarc_binary,ben_sarc_binary,123,False,0,2563,8,2,0.7783107749097258,0.7997615082546927,0.7998439328911432,0.8198127925117005,1.3670647845894541,0.04111506841888292,217.83420133590698,04_outputs/predictions/20_dann_matched/20_dannmatched_banglasarc3_binary+ben_sarc_binary_seed123_to_ben_sarc_binary.csv
dann_matched,loco,banglasarc3_binary+ben_sarc_binary,banglasarc_binary,banglasarc_binary,123,True,28,436,8,2,0.7783107749097258,0.5904261004078188,0.6169724770642202,0.4759036144578313,1.3670647845894541,0.2124296959276531,217.83420133590698,04_outputs/predictions/20_dann_matched/20_dannmatched_banglasarc3_binary+ben_sarc_binary_seed123_to_banglasarc_binary.csv
dann_matched,loco,banglasarc3_binary+ben_sarc_binary,banglasarc_binary,banglasarc3_binary,123,False,0,791,8,2,0.7783107749097258,0.733233702818691,0.7332490518331226,0.7417721518987341,1.3670647845894541,0.07668075620354504,217.83420133590698,04_outputs/predictions/20_dann_matched/20_dannmatched_banglasarc3_binary+ben_sarc_binary_seed123_to_banglasarc3_binary.csv
dann_matched,loco,banglasarc3_binary+ben_sarc_binary,banglasarc_binary,ben_sarc_binary,2024,False,0,2563,8,3,0.7763005922263355,0.7947714706742011,0.794771751853297,0.7956318252730109,1.6233417937735843,0.06825703151911747,272.8243451118469,04_outputs/predictions/20_dann_matched/20_dannmatched_banglasarc3_binary+ben_sarc_binary_seed2024_to_ben_sarc_binary.csv
dann_matched,loco,banglasarc3_binary+ben_sarc_binary,banglasarc_binary,banglasarc_binary,2024,True,28,436,8,3,0.7763005922263355,0.6109244891579276,0.6399082568807339,0.4819277108433735,1.6233417937735843,0.21746211435125254,272.8243451118469,04_outputs/predictions/20_dann_matched/20_dannmatched_banglasarc3_binary+ben_sarc_binary_seed2024_to_banglasarc_binary.csv
dann_matched,loco,banglasarc3_binary+ben_sarc_binary,banglasarc_binary,banglasarc3_binary,2024,False,0,791,8,3,0.7763005922263355,0.7456164350685195,0.7458912768647282,0.7139240506329114,1.6233417937735843,0.118202428781986,272.8243451118469,04_outputs/predictions/20_dann_matched/20_dannmatched_banglasarc3_binary+ben_sarc_binary_seed2024_to_banglasarc3_binary.csv
dann_matched,loco,banglasarc_binary+ben_sarc_binary,banglasarc3_binary,ben_sarc_binary,42,False,0,2563,8,3,0.7942547065475156,0.772008778517871,0.7744830277019118,0.6700468018720749,1.9020349700725094,0.10606553845266159,244.92985653877258,04_outputs/predictions/20_dann_matched/20_dannmatched_banglasarc_binary+ben_sarc_binary_seed42_to_ben_sarc_binary.csv
dann_matched,loco,banglasarc_binary+ben_sarc_binary,banglasarc3_binary,banglasarc_binary,42,False,0,464,8,3,0.7942547065475156,0.9042979492417695,0.9094827586206896,0.9457831325301205,1.9020349700725094,0.05805954125013109,244.92985653877258,04_outputs/predictions/20_dann_matched/20_dannmatched_banglasarc_binary+ben_sarc_binary_seed42_to_banglasarc_binary.csv
dann_matched,loco,banglasarc_binary+ben_sarc_binary,banglasarc3_binary,banglasarc3_binary,42,True,29,762,8,3,0.7942547065475156,0.6262098624558912,0.6338582677165354,0.4782608695652174,1.9020349700725094,0.25910893993940565,244.92985653877258,04_outputs/predictions/20_dann_matched/20_dannmatched_banglasarc_binary+ben_sarc_binary_seed42_to_banglasarc3_binary.csv
dann_matched,loco,banglasarc_binary+ben_sarc_binary,banglasarc3_binary,ben_sarc_binary,1,False,0,2563,8,1,0.7920962199312716,0.7928138807962403,0.7936012485368709,0.8549141965678627,0.9510935251987315,0.01844531491041558,148.6916172504425,04_outputs/predictions/20_dann_matched/20_dannmatched_banglasarc_binary+ben_sarc_binary_seed1_to_ben_sarc_binary.csv
dann_matched,loco,banglasarc_binary+ben_sarc_binary,banglasarc3_binary,banglasarc_binary,1,False,0,464,8,1,0.7920962199312716,0.8058440489903382,0.8081896551724138,0.9759036144578314,0.9510935251987315,0.08173849462587046,148.6916172504425,04_outputs/predictions/20_dann_matched/20_dannmatched_banglasarc_binary+ben_sarc_binary_seed1_to_banglasarc_binary.csv
dann_matched,loco,banglasarc_binary+ben_sarc_binary,banglasarc3_binary,banglasarc3_binary,1,True,29,762,8,1,0.7920962199312716,0.6286832046558887,0.6299212598425197,0.670076726342711,0.9510935251987315,0.13451074984515632,148.6916172504425,04_outputs/predictions/20_dann_matched/20_dannmatched_banglasarc_binary+ben_sarc_binary_seed1_to_banglasarc3_binary.csv
dann_matched,loco,banglasarc_binary+ben_sarc_binary,banglasarc3_binary,ben_sarc_binary,7,False,0,2563,8,1,0.8005073292496617,0.7963098181552439,0.796332422941865,0.8065522620904836,0.8002438179317114,0.04387029890490825,148.09749221801758,04_outputs/predictions/20_dann_matched/20_dannmatched_banglasarc_binary+ben_sarc_binary_seed7_to_ben_sarc_binary.csv
dann_matched,loco,banglasarc_binary+ben_sarc_binary,banglasarc3_binary,banglasarc_binary,7,False,0,464,8,1,0.8005073292496617,0.8505894622508663,0.8556034482758621,0.9397590361445783,0.8002438179317114,0.0466650300093119,148.09749221801758,04_outputs/predictions/20_dann_matched/20_dannmatched_banglasarc_binary+ben_sarc_binary_seed7_to_banglasarc_binary.csv
dann_matched,loco,banglasarc_binary+ben_sarc_binary,banglasarc3_binary,banglasarc3_binary,7,True,29,762,8,1,0.8005073292496617,0.6181095785189867,0.6181102362204725,0.6010230179028133,0.8002438179317114,0.12060767277406974,148.09749221801758,04_outputs/predictions/20_dann_matched/20_dannmatched_banglasarc_binary+ben_sarc_binary_seed7_to_banglasarc3_binary.csv
dann_matched,loco,banglasarc_binary+ben_sarc_binary,banglasarc3_binary,ben_sarc_binary,123,False,0,2563,8,4,0.8087082537382254,0.7822704059805554,0.7830667186890363,0.7223088923556942,2.09093149036981,0.1212577121109556,292.8343725204468,04_outputs/predictions/20_dann_matched/20_dannmatched_banglasarc_binary+ben_sarc_binary_seed123_to_ben_sarc_binary.csv
dann_matched,loco,banglasarc_binary+ben_sarc_binary,banglasarc3_binary,banglasarc_binary,123,False,0,464,8,4,0.8087082537382254,0.8954033127511516,0.9008620689655172,0.9397590361445783,2.09093149036981,0.06342089595856953,292.8343725204468,04_outputs/predictions/20_dann_matched/20_dannmatched_banglasarc_binary+ben_sarc_binary_seed123_to_banglasarc_binary.csv
dann_matched,loco,banglasarc_binary+ben_sarc_binary,banglasarc3_binary,banglasarc3_binary,123,True,29,762,8,4,0.8087082537382254,0.6402924315821928,0.6443569553805775,0.5242966751918159,2.09093149036981,0.2609722006719738,292.8343725204468,04_outputs/predictions/20_dann_matched/20_dannmatched_banglasarc_binary+ben_sarc_binary_seed123_to_banglasarc3_binary.csv
dann_matched,loco,banglasarc_binary+ben_sarc_binary,banglasarc3_binary,ben_sarc_binary,2024,False,0,2563,8,2,0.8095238095238095,0.8017727732238773,0.8017947717518533,0.8120124804992199,1.1325527003769706,0.02009299354918128,203.32337760925293,04_outputs/predictions/20_dann_matched/20_dannmatched_banglasarc_binary+ben_sarc_binary_seed2024_to_ben_sarc_binary.csv
dann_matched,loco,banglasarc_binary+ben_sarc_binary,banglasarc3_binary,banglasarc_binary,2024,False,0,464,8,2,0.8095238095238095,0.8416694301464405,0.8469827586206896,0.927710843373494,1.1325527003769706,0.07590459051319219,203.32337760925293,04_outputs/predictions/20_dann_matched/20_dannmatched_banglasarc_binary+ben_sarc_binary_seed2024_to_banglasarc_binary.csv
dann_matched,loco,banglasarc_binary+ben_sarc_binary,banglasarc3_binary,banglasarc3_binary,2024,True,29,762,8,2,0.8095238095238095,0.6364773050195045,0.636482939632546,0.6240409207161125,1.1325527003769706,0.16743139304466254,203.32337760925293,04_outputs/predictions/20_dann_matched/20_dannmatched_banglasarc_binary+ben_sarc_binary_seed2024_to_banglasarc3_binary.csv
