tag,system,source,source_corpora,target,seed,held_out,n_sources,model_name,n_eval_total,n_removed_train_seen,n_removed_all_source,n_eval_clean,test_macro_f1,test_accuracy,test_weighted_f1,test_precision_macro,test_recall_macro,test_recall_class_0,test_recall_class_1,temperature,ece,ece_temperature_scaled,brier,brier_temperature_scaled,confusion_matrix,prediction_path,config_hash,val_macro_f1,val_accuracy,train_seconds
A,vanilla,ben_sarc_binary,"[""ben_sarc_binary""]",ben_sarc_binary,2025,False,1,csebuetnlp/banglabert,2563,0,0,2563,0.7976150406162004,0.7978930940304331,0.7976121137381559,0.7995713118799452,0.797907677431219,0.8352849336455894,0.7605304212168487,1.2158154071851637,0.03458446568326992,0.03537987992034888,0.28359376819115667,0.2808773516233069,"[[1070, 211], [307, 975]]",04_outputs/predictions/19_singlesource_newseeds/19_A_vanilla_ben_sarc_binary_seed2025_to_ben_sarc_binary.csv,6970de89ef36b0ad,0.797190020247778,0.797423887587822,163.60718441009521
A,vanilla,ben_sarc_binary,"[""ben_sarc_binary""]",banglasarc_binary,2025,True,1,csebuetnlp/banglabert,464,0,0,464,0.5155853840417599,0.5775862068965517,0.5648872431793053,0.5199890470974808,0.5177084175628689,0.7281879194630873,0.3072289156626506,1.2158154071851637,0.25934711027695395,0.22200027684341014,0.6038940621831934,0.569787310405846,"[[217, 81], [115, 51]]",04_outputs/predictions/19_singlesource_newseeds/19_A_vanilla_ben_sarc_binary_seed2025_to_banglasarc_binary.csv,6970de89ef36b0ad,0.797190020247778,0.797423887587822,163.60718441009521
A,vanilla,ben_sarc_binary,"[""ben_sarc_binary""]",banglasarc3_binary,2025,True,1,csebuetnlp/banglabert,791,0,0,791,0.6555319312447165,0.6561314791403287,0.6555500993627655,0.6571406503437089,0.6560797851937092,0.696969696969697,0.6151898734177215,1.2158154071851637,0.17013734618888976,0.14190057500889255,0.4964604319730381,0.47387638988578806,"[[276, 120], [152, 243]]",04_outputs/predictions/19_singlesource_newseeds/19_A_vanilla_ben_sarc_binary_seed2025_to_banglasarc3_binary.csv,6970de89ef36b0ad,0.797190020247778,0.797423887587822,163.60718441009521
A,vanilla,ben_sarc_binary,"[""ben_sarc_binary""]",ben_sarc_binary,13,False,1,csebuetnlp/banglabert,2563,0,0,2563,0.797891586440389,0.7978930940304331,0.7978913710703827,0.7979044395701826,0.797894281110823,0.8009367681498829,0.7948517940717629,2.723632228290348,0.1513009838846032,0.02605469499131951,0.3438455513007557,0.2913005044407987,"[[1026, 255], [263, 1019]]",04_outputs/predictions/19_singlesource_newseeds/19_A_vanilla_ben_sarc_binary_seed13_to_ben_sarc_binary.csv,6970de89ef36b0ad,0.7958625762377314,0.7958626073380172,245.77601146697998
A,vanilla,ben_sarc_binary,"[""ben_sarc_binary""]",banglasarc_binary,13,True,1,csebuetnlp/banglabert,464,0,0,464,0.6082471136600938,0.6357758620689655,0.6377901607330293,0.6073059812160158,0.6097072855179106,0.7013422818791947,0.5180722891566265,2.723632228290348,0.32213907433195244,0.17769687999427136,0.6635532518431838,0.5039573851870158,"[[209, 89], [80, 86]]",04_outputs/predictions/19_singlesource_newseeds/19_A_vanilla_ben_sarc_binary_seed13_to_banglasarc_binary.csv,6970de89ef36b0ad,0.7958625762377314,0.7958626073380172,245.77601146697998
A,vanilla,ben_sarc_binary,"[""ben_sarc_binary""]",banglasarc3_binary,13,True,1,csebuetnlp/banglabert,791,0,0,791,0.6531368030215736,0.6536030341340076,0.6531528799564852,0.654359030384042,0.6535577291906406,0.6893939393939394,0.6177215189873417,2.723632228290348,0.28932162153192453,0.147984944466504,0.6082293278047614,0.4710623529208987,"[[273, 123], [151, 244]]",04_outputs/predictions/19_singlesource_newseeds/19_A_vanilla_ben_sarc_binary_seed13_to_banglasarc3_binary.csv,6970de89ef36b0ad,0.7958625762377314,0.7958626073380172,245.77601146697998
A,vanilla,ben_sarc_binary,"[""ben_sarc_binary""]",ben_sarc_binary,77,False,1,csebuetnlp/banglabert,2563,0,0,2563,0.7893192057869403,0.7900897385875927,0.7893142346075812,0.7944488530105769,0.7901134546552822,0.8508977361436377,0.7293291731669267,1.9456236573127486,0.10832588426376547,0.0250302264407614,0.32350200639618315,0.2964494628148351,"[[1090, 191], [347, 935]]",04_outputs/predictions/19_singlesource_newseeds/19_A_vanilla_ben_sarc_binary_seed77_to_ben_sarc_binary.csv,6970de89ef36b0ad,0.7923068996077192,0.7927400468384075,217.50219988822937
A,vanilla,ben_sarc_binary,"[""ben_sarc_binary""]",banglasarc_binary,77,True,1,csebuetnlp/banglabert,464,0,0,464,0.6131230741344934,0.6530172413793104,0.6484655578681567,0.6171194204751251,0.6111223417158567,0.7583892617449665,0.463855421686747,1.9456236573127486,0.23711869477912217,0.13668539454506703,0.5332320406116224,0.4466030703047526,"[[226, 72], [89, 77]]",04_outputs/predictions/19_singlesource_newseeds/19_A_vanilla_ben_sarc_binary_seed77_to_banglasarc_binary.csv,6970de89ef36b0ad,0.7923068996077192,0.7927400468384075,217.50219988822937
A,vanilla,ben_sarc_binary,"[""ben_sarc_binary""]",banglasarc3_binary,77,True,1,csebuetnlp/banglabert,791,0,0,791,0.6428676640110664,0.6434892541087232,0.6428865000746318,0.644412476506784,0.6434375399565273,0.6843434343434344,0.6025316455696202,1.9456236573127486,0.2453049463006052,0.1387653760690037,0.5696561442628574,0.48213725365103316,"[[271, 125], [157, 238]]",04_outputs/predictions/19_singlesource_newseeds/19_A_vanilla_ben_sarc_binary_seed77_to_banglasarc3_binary.csv,6970de89ef36b0ad,0.7923068996077192,0.7927400468384075,217.50219988822937
A,vanilla,ben_sarc_binary,"[""ben_sarc_binary""]",ben_sarc_binary,314,False,1,csebuetnlp/banglabert,2563,0,0,2563,0.793984359871537,0.7939914163090128,0.7939848303007021,0.7940268520954525,0.7939892537153477,0.7884465261514442,0.7995319812792512,1.089244540421714,0.029533224124495785,0.024701091337576708,0.28886319121784415,0.28777820383461605,"[[1010, 271], [257, 1025]]",04_outputs/predictions/19_singlesource_newseeds/19_A_vanilla_ben_sarc_binary_seed314_to_ben_sarc_binary.csv,6970de89ef36b0ad,0.7962170378966668,0.7962529274004684,122.98151898384094
A,vanilla,ben_sarc_binary,"[""ben_sarc_binary""]",banglasarc_binary,314,True,1,csebuetnlp/banglabert,464,0,0,464,0.5951459231772139,0.625,0.6264216227058469,0.5945364765848996,0.595981240397833,0.697986577181208,0.4939759036144578,1.089244540421714,0.16970502848291114,0.15831137146878246,0.5101766505729682,0.49930484209655046,"[[208, 90], [84, 82]]",04_outputs/predictions/19_singlesource_newseeds/19_A_vanilla_ben_sarc_binary_seed314_to_banglasarc_binary.csv,6970de89ef36b0ad,0.7962170378966668,0.7962529274004684,122.98151898384094
A,vanilla,ben_sarc_binary,"[""ben_sarc_binary""]",banglasarc3_binary,314,True,1,csebuetnlp/banglabert,791,0,0,791,0.6359033371691599,0.6359039190897599,0.63590275524856,0.6359082714265621,0.6359065336913439,0.6338383838383839,0.6379746835443038,1.089244540421714,0.1650621776243196,0.14815889714000938,0.5036495849354697,0.49354216911869897,"[[251, 145], [143, 252]]",04_outputs/predictions/19_singlesource_newseeds/19_A_vanilla_ben_sarc_binary_seed314_to_banglasarc3_binary.csv,6970de89ef36b0ad,0.7962170378966668,0.7962529274004684,122.98151898384094
A,vanilla,ben_sarc_binary,"[""ben_sarc_binary""]",ben_sarc_binary,1337,False,1,csebuetnlp/banglabert,2563,0,0,2563,0.8013372313025646,0.8017947717518533,0.8013335114615134,0.80464292958162,0.8018136182121758,0.8501170960187353,0.7535101404056163,1.336194111155839,0.051821255138992814,0.025332385165758406,0.2871609363641593,0.281077284631709,"[[1089, 192], [316, 966]]",04_outputs/predictions/19_singlesource_newseeds/19_A_vanilla_ben_sarc_binary_seed1337_to_ben_sarc_binary.csv,6970de89ef36b0ad,0.7878662146373419,0.7884465261514442,168.3201038837433
A,vanilla,ben_sarc_binary,"[""ben_sarc_binary""]",banglasarc_binary,1337,True,1,csebuetnlp/banglabert,464,0,0,464,0.5695006747638327,0.6206896551724138,0.6117315836009121,0.5754423401796035,0.5686100105118461,0.7516778523489933,0.3855421686746988,1.336194111155839,0.22163194961947952,0.17091347191096978,0.5447276633612382,0.5036358545034776,"[[224, 74], [102, 64]]",04_outputs/predictions/19_singlesource_newseeds/19_A_vanilla_ben_sarc_binary_seed1337_to_banglasarc_binary.csv,6970de89ef36b0ad,0.7878662146373419,0.7884465261514442,168.3201038837433
A,vanilla,ben_sarc_binary,"[""ben_sarc_binary""]",banglasarc3_binary,1337,True,1,csebuetnlp/banglabert,791,0,0,791,0.64025647923953,0.640960809102402,0.6402766029498979,0.6419860851639503,0.640905894386907,0.6843434343434344,0.5974683544303797,1.336194111155839,0.19612326680439693,0.1548837863064266,0.5282051934058524,0.4919826429200424,"[[271, 125], [159, 236]]",04_outputs/predictions/19_singlesource_newseeds/19_A_vanilla_ben_sarc_binary_seed1337_to_banglasarc3_binary.csv,6970de89ef36b0ad,0.7878662146373419,0.7884465261514442,168.3201038837433
A,vanilla,banglasarc_binary,"[""banglasarc_binary""]",ben_sarc_binary,2025,True,1,csebuetnlp/banglabert,2563,0,0,2563,0.3476410689599768,0.500585251658213,0.3475178262664247,0.5125990883868411,0.5007742464265316,0.985167837626854,0.01638065522620905,1.3624888959801884,0.49593577356293467,0.4889828602157462,0.9916023452600868,0.9787964514303866,"[[1262, 19], [1261, 21]]",04_outputs/predictions/19_singlesource_newseeds/19_A_vanilla_banglasarc_binary_seed2025_to_ben_sarc_binary.csv,6970de89ef36b0ad,0.9835436289319353,0.9848812095032398,62.77197289466858
A,vanilla,banglasarc_binary,"[""banglasarc_binary""]",banglasarc_binary,2025,False,1,csebuetnlp/banglabert,464,0,0,464,0.9812403978329425,0.9827586206896551,0.9827586206896551,0.9812403978329425,0.9812403978329425,0.9865771812080537,0.9759036144578314,1.3624888959801884,0.015722340889740533,0.009077707462273363,0.032107938544851715,0.031335181323786036,"[[294, 4], [4, 162]]",04_outputs/predictions/19_singlesource_newseeds/19_A_vanilla_banglasarc_binary_seed2025_to_banglasarc_binary.csv,6970de89ef36b0ad,0.9835436289319353,0.9848812095032398,62.77197289466858
A,vanilla,banglasarc_binary,"[""banglasarc_binary""]",banglasarc3_binary,2025,True,1,csebuetnlp/banglabert,791,25,29,762,0.3319012007938021,0.4868766404199475,0.3234556727487805,0.4934036939313984,0.49986212696727583,0.9946091644204852,0.005115089514066497,1.3624888959801884,0.5117937506028539,0.5046771691916735,1.0211918652495935,1.008019743724605,"[[369, 2], [389, 2]]",04_outputs/predictions/19_singlesource_newseeds/19_A_vanilla_banglasarc_binary_seed2025_to_banglasarc3_binary.csv,6970de89ef36b0ad,0.9835436289319353,0.9848812095032398,62.77197289466858
A,vanilla,banglasarc_binary,"[""banglasarc_binary""]",ben_sarc_binary,13,True,1,csebuetnlp/banglabert,2563,0,0,2563,0.3426317720923182,0.4982442450253609,0.3425069826192364,0.47009396878561627,0.49843415282278736,0.985167837626854,0.01170046801872075,0.9629995542599781,0.4896835421853311,0.49101364474893944,0.98045456717814,0.98295275059701,"[[1262, 19], [1267, 15]]",04_outputs/predictions/19_singlesource_newseeds/19_A_vanilla_banglasarc_binary_seed13_to_ben_sarc_binary.csv,6970de89ef36b0ad,0.9835872972466564,0.9848812095032398,42.21097445487976
A,vanilla,banglasarc_binary,"[""banglasarc_binary""]",banglasarc_binary,13,False,1,csebuetnlp/banglabert,464,0,0,464,0.9788096675817345,0.9806034482758621,0.9805635864826592,0.980830768603632,0.9768941537963935,0.9899328859060402,0.963855421686747,0.9629995542599781,0.009692806112652686,0.008561257943861452,0.03415758140494101,0.03436843103992231,"[[295, 3], [6, 160]]",04_outputs/predictions/19_singlesource_newseeds/19_A_vanilla_banglasarc_binary_seed13_to_banglasarc_binary.csv,6970de89ef36b0ad,0.9835872972466564,0.9848812095032398,42.21097445487976
A,vanilla,banglasarc_binary,"[""banglasarc_binary""]",banglasarc3_binary,13,True,1,csebuetnlp/banglabert,791,25,29,762,0.33562277580071176,0.48556430446194226,0.32733871344373766,0.46525011066843736,0.49837654503967294,0.9865229110512129,0.010230179028132993,0.9629995542599781,0.5072375518289814,0.5085622325914536,1.0118910561108654,1.0145736707049844,"[[366, 5], [387, 4]]",04_outputs/predictions/19_singlesource_newseeds/19_A_vanilla_banglasarc_binary_seed13_to_banglasarc3_binary.csv,6970de89ef36b0ad,0.9835872972466564,0.9848812095032398,42.21097445487976
A,vanilla,banglasarc_binary,"[""banglasarc_binary""]",ben_sarc_binary,77,True,1,csebuetnlp/banglabert,2563,0,0,2563,0.34541667732487497,0.501365587202497,0.3452920179244932,0.5336294249243321,0.5015561043987427,0.9898516783762685,0.01326053042121685,1.0514820119692476,0.49014442494409655,0.4879467669910971,0.9807827040682014,0.9774684297816423,"[[1268, 13], [1265, 17]]",04_outputs/predictions/19_singlesource_newseeds/19_A_vanilla_banglasarc_binary_seed77_to_ben_sarc_binary.csv,6970de89ef36b0ad,0.9812178004949089,0.9827213822894169,40.31777381896973
A,vanilla,banglasarc_binary,"[""banglasarc_binary""]",banglasarc_binary,77,False,1,csebuetnlp/banglabert,464,0,0,464,0.9764227642276422,0.978448275862069,0.9783887019904681,0.9791513367672309,0.9738821056036225,0.9899328859060402,0.9578313253012049,1.0514820119692476,0.010877603559157541,0.008023123102796882,0.03862194105827755,0.03832874863950584,"[[295, 3], [7, 159]]",04_outputs/predictions/19_singlesource_newseeds/19_A_vanilla_banglasarc_binary_seed77_to_banglasarc_binary.csv,6970de89ef36b0ad,0.9812178004949089,0.9827213822894169,40.31777381896973
A,vanilla,banglasarc_binary,"[""banglasarc_binary""]",banglasarc3_binary,77,True,1,csebuetnlp/banglabert,791,25,29,762,0.33964243943191313,0.489501312335958,0.33138575221956906,0.5565318302387268,0.502350735207947,0.9919137466307277,0.01278772378516624,1.0514820119692476,0.5037913017544835,0.5027362350355975,1.007268626602522,1.0038554013282488,"[[368, 3], [386, 5]]",04_outputs/predictions/19_singlesource_newseeds/19_A_vanilla_banglasarc_binary_seed77_to_banglasarc3_binary.csv,6970de89ef36b0ad,0.9812178004949089,0.9827213822894169,40.31777381896973
A,vanilla,banglasarc_binary,"[""banglasarc_binary""]",ben_sarc_binary,314,True,1,csebuetnlp/banglabert,2563,0,0,2563,0.34707768065007716,0.49941474834178695,0.34695462970686897,0.4939876338132152,0.4996032862391779,0.9828259172521467,0.01638065522620905,1.3422564821675562,0.4979429371663294,0.4922276149749108,0.995310676536997,0.9853080855824083,"[[1259, 22], [1261, 21]]",04_outputs/predictions/19_singlesource_newseeds/19_A_vanilla_banglasarc_binary_seed314_to_ben_sarc_binary.csv,6970de89ef36b0ad,0.9859133503711817,0.9870410367170627,73.02425789833069
A,vanilla,banglasarc_binary,"[""banglasarc_binary""]",banglasarc_binary,314,False,1,csebuetnlp/banglabert,464,0,0,464,0.976550497291178,0.978448275862069,0.978448275862069,0.976550497291178,0.976550497291178,0.9832214765100671,0.9698795180722891,1.3422564821675562,0.020575849996051526,0.0146427142971669,0.04142609559965528,0.03963999140329988,"[[293, 5], [5, 161]]",04_outputs/predictions/19_singlesource_newseeds/19_A_vanilla_banglasarc_binary_seed314_to_banglasarc_binary.csv,6970de89ef36b0ad,0.9859133503711817,0.9870410367170627,73.02425789833069
A,vanilla,banglasarc_binary,"[""banglasarc_binary""]",banglasarc3_binary,314,True,1,csebuetnlp/banglabert,791,25,29,762,0.33006953060149774,0.48293963254593175,0.3216700744507046,0.38524124881740773,0.4958190002826397,0.9865229110512129,0.005115089514066497,1.3422564821675562,0.5157483311602311,0.5104182056957448,1.0302742850979116,1.0187676535576518,"[[366, 5], [389, 2]]",04_outputs/predictions/19_singlesource_newseeds/19_A_vanilla_banglasarc_binary_seed314_to_banglasarc3_binary.csv,6970de89ef36b0ad,0.9859133503711817,0.9870410367170627,73.02425789833069
A,vanilla,banglasarc_binary,"[""banglasarc_binary""]",ben_sarc_binary,1337,True,1,csebuetnlp/banglabert,2563,0,0,2563,0.35315075699142084,0.500195083886071,0.3530304261183483,0.5042372881355932,0.5003811862076356,0.9773614363778298,0.0234009360374415,1.3105876000030137,0.49467541904401174,0.4861430101946868,0.9892471976086921,0.9733893974336872,"[[1252, 29], [1252, 30]]",04_outputs/predictions/19_singlesource_newseeds/19_A_vanilla_banglasarc_binary_seed1337_to_ben_sarc_binary.csv,6970de89ef36b0ad,0.9836300729853271,0.9848812095032398,43.622525215148926
A,vanilla,banglasarc_binary,"[""banglasarc_binary""]",banglasarc_binary,1337,False,1,csebuetnlp/banglabert,464,0,0,464,0.972007722007722,0.9741379310344828,0.974204500066569,0.9696678671468587,0.9745289884369694,0.9731543624161074,0.9759036144578314,1.3105876000030137,0.02155444511514814,0.012761614153524826,0.04614813564900936,0.0433544173313145,"[[290, 8], [4, 162]]",04_outputs/predictions/19_singlesource_newseeds/19_A_vanilla_banglasarc_binary_seed1337_to_banglasarc_binary.csv,6970de89ef36b0ad,0.9836300729853271,0.9848812095032398,43.622525215148926
A,vanilla,banglasarc_binary,"[""banglasarc_binary""]",banglasarc3_binary,1337,True,1,csebuetnlp/banglabert,791,25,29,762,0.34128138067260716,0.484251968503937,0.3332266996680252,0.461377345844504,0.496822026595708,0.9757412398921833,0.017902813299232736,1.3105876000030137,0.5087689159356236,0.49941845852200484,1.0175705561875195,1.0007111072314019,"[[362, 9], [384, 7]]",04_outputs/predictions/19_singlesource_newseeds/19_A_vanilla_banglasarc_binary_seed1337_to_banglasarc3_binary.csv,6970de89ef36b0ad,0.9836300729853271,0.9848812095032398,43.622525215148926
A,vanilla,banglasarc3_binary,"[""banglasarc3_binary""]",ben_sarc_binary,2025,True,1,csebuetnlp/banglabert,2563,0,0,2563,0.6736598328135668,0.6769410846664066,0.6736726003305039,0.6842849440197913,0.6769020643729731,0.5768930523028883,0.7769110764430577,1.3669715272824927,0.11863715497096752,0.06274750524606285,0.44442110691615283,0.42241206044188734,"[[739, 542], [286, 996]]",04_outputs/predictions/19_singlesource_newseeds/19_A_vanilla_banglasarc3_binary_seed2025_to_ben_sarc_binary.csv,6970de89ef36b0ad,0.7608417785811983,0.7610619469026548,54.98875427246094
A,vanilla,banglasarc3_binary,"[""banglasarc3_binary""]",banglasarc_binary,2025,True,1,csebuetnlp/banglabert,464,24,28,436,0.5926808839636621,0.6009174311926605,0.6064970277026273,0.5956477732793523,0.6012048192771084,0.6,0.6024096385542169,1.3669715272824927,0.18553335501735724,0.12672457450607888,0.5512403411538774,0.5133040367770196,"[[162, 108], [66, 100]]",04_outputs/predictions/19_singlesource_newseeds/19_A_vanilla_banglasarc3_binary_seed2025_to_banglasarc_binary.csv,6970de89ef36b0ad,0.7608417785811983,0.7610619469026548,54.98875427246094
A,vanilla,banglasarc3_binary,"[""banglasarc3_binary""]",banglasarc3_binary,2025,False,1,csebuetnlp/banglabert,791,0,0,791,0.7572223287934011,0.7572692793931732,0.7572180605570583,0.7575053746928747,0.7572880705792098,0.7424242424242424,0.7721518987341772,1.3669715272824927,0.061946255856516856,0.05880726641570068,0.33350818365581886,0.32606048292493206,"[[294, 102], [90, 305]]",04_outputs/predictions/19_singlesource_newseeds/19_A_vanilla_banglasarc3_binary_seed2025_to_banglasarc3_binary.csv,6970de89ef36b0ad,0.7608417785811983,0.7610619469026548,54.98875427246094
A,vanilla,banglasarc3_binary,"[""banglasarc3_binary""]",ben_sarc_binary,13,True,1,csebuetnlp/banglabert,2563,0,0,2563,0.6842977985967733,0.6890362856028092,0.6843128893197225,0.7010188087774294,0.6889885899885644,0.5667447306791569,0.8112324492979719,1.2618622889011748,0.08187071609851736,0.04478971654763099,0.4151094560885319,0.4047814048038393,"[[726, 555], [242, 1040]]",04_outputs/predictions/19_singlesource_newseeds/19_A_vanilla_banglasarc3_binary_seed13_to_ben_sarc_binary.csv,6970de89ef36b0ad,0.7590177918596149,0.7597977243994943,120.30407643318176
A,vanilla,banglasarc3_binary,"[""banglasarc3_binary""]",banglasarc_binary,13,True,1,csebuetnlp/banglabert,464,24,28,436,0.573553808327254,0.5848623853211009,0.590118484487255,0.5750376354345568,0.5789602855867917,0.6037037037037037,0.5542168674698795,1.2618622889011748,0.19232968221029934,0.150893586151041,0.5486977564648136,0.5198228158772344,"[[163, 107], [74, 92]]",04_outputs/predictions/19_singlesource_newseeds/19_A_vanilla_banglasarc3_binary_seed13_to_banglasarc_binary.csv,6970de89ef36b0ad,0.7590177918596149,0.7597977243994943,120.30407643318176
A,vanilla,banglasarc3_binary,"[""banglasarc3_binary""]",banglasarc3_binary,13,False,1,csebuetnlp/banglabert,791,0,0,791,0.7513344624939051,0.7522123893805309,0.7513157831984449,0.7559806439895176,0.7522887098836466,0.6919191919191919,0.8126582278481013,1.2618622889011748,0.056028904128255425,0.03892796964495081,0.3400081462536309,0.3360138037301368,"[[274, 122], [74, 321]]",04_outputs/predictions/19_singlesource_newseeds/19_A_vanilla_banglasarc3_binary_seed13_to_banglasarc3_binary.csv,6970de89ef36b0ad,0.7590177918596149,0.7597977243994943,120.30407643318176
A,vanilla,banglasarc3_binary,"[""banglasarc3_binary""]",ben_sarc_binary,77,True,1,csebuetnlp/banglabert,2563,0,0,2563,0.6810462862474058,0.6812329301599688,0.6810492966330923,0.6816419076449837,0.6812235955480374,0.6572989851678376,0.7051482059282371,1.7589887382442095,0.15960129033487647,0.06007451722985332,0.46580755040957766,0.41945818701684606,"[[842, 439], [378, 904]]",04_outputs/predictions/19_singlesource_newseeds/19_A_vanilla_banglasarc3_binary_seed77_to_ben_sarc_binary.csv,6970de89ef36b0ad,0.7623257895409794,0.7623261694058154,102.08215832710266
A,vanilla,banglasarc3_binary,"[""banglasarc3_binary""]",banglasarc_binary,77,True,1,csebuetnlp/banglabert,464,24,28,436,0.6802967563837129,0.6880733944954128,0.6921904382016069,0.6802911060336803,0.6901383311021865,0.6814814814814815,0.6987951807228916,1.7589887382442095,0.161408972050781,0.07402996242947853,0.461001251119436,0.4178899673247809,"[[184, 86], [50, 116]]",04_outputs/predictions/19_singlesource_newseeds/19_A_vanilla_banglasarc3_binary_seed77_to_banglasarc_binary.csv,6970de89ef36b0ad,0.7623257895409794,0.7623261694058154,102.08215832710266
A,vanilla,banglasarc3_binary,"[""banglasarc3_binary""]",banglasarc3_binary,77,False,1,csebuetnlp/banglabert,791,0,0,791,0.7622801969435385,0.7623261694058154,0.7622843762582909,0.7624944021495745,0.7623098069300601,0.7752525252525253,0.7493670886075949,1.7589887382442095,0.10011440845661226,0.03186088279150217,0.3481620212941959,0.3284203297605096,"[[307, 89], [99, 296]]",04_outputs/predictions/19_singlesource_newseeds/19_A_vanilla_banglasarc3_binary_seed77_to_banglasarc3_binary.csv,6970de89ef36b0ad,0.7623257895409794,0.7623261694058154,102.08215832710266
A,vanilla,banglasarc3_binary,"[""banglasarc3_binary""]",ben_sarc_binary,314,True,1,csebuetnlp/banglabert,2563,0,0,2563,0.6756643590846179,0.6765509168942645,0.6756709751876749,0.6784673914381749,0.6765306209438073,0.624512099921936,0.7285491419656787,1.0079819959005052,0.06062785790934409,0.05923220355937576,0.42802884813653835,0.4276585758105482,"[[800, 481], [348, 934]]",04_outputs/predictions/19_singlesource_newseeds/19_A_vanilla_banglasarc3_binary_seed314_to_ben_sarc_binary.csv,6970de89ef36b0ad,0.7559800964487857,0.7560050568900126,47.065237522125244
A,vanilla,banglasarc3_binary,"[""banglasarc3_binary""]",banglasarc_binary,314,True,1,csebuetnlp/banglabert,464,24,28,436,0.5919221282593375,0.6100917431192661,0.6124616928836045,0.5912812472781117,0.5935296742525658,0.662962962962963,0.5240963855421686,1.0079819959005052,0.16758219722019982,0.16818200542158043,0.5234274975546914,0.5225169066363842,"[[179, 91], [79, 87]]",04_outputs/predictions/19_singlesource_newseeds/19_A_vanilla_banglasarc3_binary_seed314_to_banglasarc_binary.csv,6970de89ef36b0ad,0.7559800964487857,0.7560050568900126,47.065237522125244
A,vanilla,banglasarc3_binary,"[""banglasarc3_binary""]",banglasarc3_binary,314,False,1,csebuetnlp/banglabert,791,0,0,791,0.7344415454859379,0.7345132743362832,0.7344470630898107,0.7347277683919521,0.7344936708860759,0.75,0.7189873417721518,1.0079819959005052,0.054125614769437974,0.0554303591789309,0.3618308743000381,0.36165125445444485,"[[297, 99], [111, 284]]",04_outputs/predictions/19_singlesource_newseeds/19_A_vanilla_banglasarc3_binary_seed314_to_banglasarc3_binary.csv,6970de89ef36b0ad,0.7559800964487857,0.7560050568900126,47.065237522125244
A,vanilla,banglasarc3_binary,"[""banglasarc3_binary""]",ben_sarc_binary,1337,True,1,csebuetnlp/banglabert,2563,0,0,2563,0.6756643590846179,0.6765509168942645,0.6756577429815609,0.678538092493806,0.6765714188286501,0.7291178766588603,0.62402496099844,3.9562736429237466,0.27961446578358967,0.07080603699112663,0.5913328713052428,0.4371654257408266,"[[934, 347], [482, 800]]",04_outputs/predictions/19_singlesource_newseeds/19_A_vanilla_banglasarc3_binary_seed1337_to_ben_sarc_binary.csv,6970de89ef36b0ad,0.7590177918596149,0.7597977243994943,122.14001846313477
A,vanilla,banglasarc3_binary,"[""banglasarc3_binary""]",banglasarc_binary,1337,True,1,csebuetnlp/banglabert,464,24,28,436,0.6328258316158057,0.6513761467889908,0.6525118803710226,0.6320912614517266,0.6338241856314145,0.7074074074074074,0.5602409638554217,3.9562736429237466,0.31475116499828293,0.09775165193725344,0.6446929284585169,0.4630051168746352,"[[191, 79], [73, 93]]",04_outputs/predictions/19_singlesource_newseeds/19_A_vanilla_banglasarc3_binary_seed1337_to_banglasarc_binary.csv,6970de89ef36b0ad,0.7590177918596149,0.7597977243994943,122.14001846313477
A,vanilla,banglasarc3_binary,"[""banglasarc3_binary""]",banglasarc3_binary,1337,False,1,csebuetnlp/banglabert,791,0,0,791,0.7579749358016266,0.7585335018963337,0.757989634909382,0.7608183776949179,0.7584739803094234,0.8055555555555556,0.7113924050632912,3.9562736429237466,0.2160416560597465,0.05477873855385841,0.44600066419548423,0.3516646063596057,"[[319, 77], [114, 281]]",04_outputs/predictions/19_singlesource_newseeds/19_A_vanilla_banglasarc3_binary_seed1337_to_banglasarc3_binary.csv,6970de89ef36b0ad,0.7590177918596149,0.7597977243994943,122.14001846313477
A,fgm,ben_sarc_binary,"[""ben_sarc_binary""]",ben_sarc_binary,2025,False,1,csebuetnlp/banglabert,2563,0,0,2563,0.7974535921462613,0.7975029262582911,0.7974523587934604,0.7978065368687836,0.7975091368994338,0.8134270101483216,0.781591263650546,1.073969202166945,0.02483583899376084,0.019062186733349907,0.2791411846228666,0.27872769047965396,"[[1042, 239], [280, 1002]]",04_outputs/predictions/19_singlesource_newseeds/19_A_fgm_ben_sarc_binary_seed2025_to_ben_sarc_binary.csv,6970de89ef36b0ad,0.8040206334490811,0.8040593286494926,312.83298206329346
A,fgm,ben_sarc_binary,"[""ben_sarc_binary""]",banglasarc_binary,2025,True,1,csebuetnlp/banglabert,464,0,0,464,0.5516198019801981,0.6056034482758621,0.5958796858996245,0.5568985914864171,0.5515282606937818,0.7416107382550335,0.3614457831325301,1.073969202166945,0.20962262944191012,0.19758499875156277,0.5400084589168185,0.5292966262876115,"[[221, 77], [106, 60]]",04_outputs/predictions/19_singlesource_newseeds/19_A_fgm_ben_sarc_binary_seed2025_to_banglasarc_binary.csv,6970de89ef36b0ad,0.8040206334490811,0.8040593286494926,312.83298206329346
A,fgm,ben_sarc_binary,"[""ben_sarc_binary""]",banglasarc3_binary,2025,True,1,csebuetnlp/banglabert,791,0,0,791,0.6774562369974271,0.6776232616940582,0.6774655161472399,0.6779436821809703,0.6775955760132976,0.6994949494949495,0.6556962025316456,1.073969202166945,0.14383147911638422,0.12819208082734815,0.46508525750298074,0.45823012506991184,"[[277, 119], [136, 259]]",04_outputs/predictions/19_singlesource_newseeds/19_A_fgm_ben_sarc_binary_seed2025_to_banglasarc3_binary.csv,6970de89ef36b0ad,0.8040206334490811,0.8040593286494926,312.83298206329346
A,fgm,ben_sarc_binary,"[""ben_sarc_binary""]",ben_sarc_binary,13,False,1,csebuetnlp/banglabert,2563,0,0,2563,0.806336423221202,0.8064767850175576,0.8063343889922694,0.8073914811910503,0.8064874117212932,0.8337236533957846,0.7792511700468019,1.506565629244488,0.06625333795868435,0.02106945784628756,0.28490589820859036,0.2745200157714137,"[[1068, 213], [283, 999]]",04_outputs/predictions/19_singlesource_newseeds/19_A_fgm_ben_sarc_binary_seed13_to_ben_sarc_binary.csv,6970de89ef36b0ad,0.8016534668916481,0.8017174082747853,385.3761739730835
A,fgm,ben_sarc_binary,"[""ben_sarc_binary""]",banglasarc_binary,13,True,1,csebuetnlp/banglabert,464,0,0,464,0.6424850108432199,0.6745689655172413,0.6729532267926503,0.6440767089390659,0.6412428236435675,0.7583892617449665,0.5240963855421686,1.506565629244488,0.1865407271638542,0.13420447401592173,0.49092784020061125,0.4429765317842101,"[[226, 72], [79, 87]]",04_outputs/predictions/19_singlesource_newseeds/19_A_fgm_ben_sarc_binary_seed13_to_banglasarc_binary.csv,6970de89ef36b0ad,0.8016534668916481,0.8017174082747853,385.3761739730835
A,fgm,ben_sarc_binary,"[""ben_sarc_binary""]",banglasarc3_binary,13,True,1,csebuetnlp/banglabert,791,0,0,791,0.6556025099244461,0.6561314791403287,0.6556195734475391,0.657016528394109,0.6560829817158931,0.6944444444444444,0.6177215189873417,1.506565629244488,0.20232507586255372,0.13931114246512513,0.5128142097036461,0.46378920833711146,"[[275, 121], [151, 244]]",04_outputs/predictions/19_singlesource_newseeds/19_A_fgm_ben_sarc_binary_seed13_to_banglasarc3_binary.csv,6970de89ef36b0ad,0.8016534668916481,0.8017174082747853,385.3761739730835
A,fgm,ben_sarc_binary,"[""ben_sarc_binary""]",ben_sarc_binary,77,False,1,csebuetnlp/banglabert,2563,0,0,2563,0.7977945681527792,0.7982832618025751,0.797790689631749,0.8012378246753247,0.798302564421078,0.8477751756440282,0.748829953198128,1.5742358412535438,0.07517818419061434,0.018137191808864604,0.3007736830910633,0.2874458618579343,"[[1086, 195], [322, 960]]",04_outputs/predictions/19_singlesource_newseeds/19_A_fgm_ben_sarc_binary_seed77_to_ben_sarc_binary.csv,6970de89ef36b0ad,0.8015889878889814,0.8021077283372365,372.8776512145996
A,fgm,ben_sarc_binary,"[""ben_sarc_binary""]",banglasarc_binary,77,True,1,csebuetnlp/banglabert,464,0,0,464,0.5953176554651871,0.6422413793103449,0.6345197538674708,0.6018518518518519,0.5933937090644457,0.7651006711409396,0.42168674698795183,1.5742358412535438,0.23084912734570168,0.15907257995339472,0.540390337190158,0.4763431541795055,"[[228, 70], [96, 70]]",04_outputs/predictions/19_singlesource_newseeds/19_A_fgm_ben_sarc_binary_seed77_to_banglasarc_binary.csv,6970de89ef36b0ad,0.8015889878889814,0.8021077283372365,372.8776512145996
A,fgm,ben_sarc_binary,"[""ben_sarc_binary""]",banglasarc3_binary,77,True,1,csebuetnlp/banglabert,791,0,0,791,0.643328342808911,0.6447534766118836,0.6433568454849705,0.6469766837695654,0.6446745940416827,0.7070707070707071,0.5822784810126582,1.5742358412535438,0.22477492889813053,0.15195140147550237,0.5455556243697127,0.484945403901611,"[[280, 116], [165, 230]]",04_outputs/predictions/19_singlesource_newseeds/19_A_fgm_ben_sarc_binary_seed77_to_banglasarc3_binary.csv,6970de89ef36b0ad,0.8015889878889814,0.8021077283372365,372.8776512145996
A,fgm,ben_sarc_binary,"[""ben_sarc_binary""]",ben_sarc_binary,314,False,1,csebuetnlp/banglabert,2563,0,0,2563,0.795513954258875,0.795552087397581,0.7955128647406262,0.7957844753933925,0.7955575365871778,0.8095238095238095,0.781591263650546,1.4228440635308366,0.0650132798180158,0.024122146070640903,0.29317647263016033,0.28316571562168624,"[[1037, 244], [280, 1002]]",04_outputs/predictions/19_singlesource_newseeds/19_A_fgm_ben_sarc_binary_seed314_to_ben_sarc_binary.csv,6970de89ef36b0ad,0.8067467876847878,0.8067915690866511,383.10259556770325
A,fgm,ben_sarc_binary,"[""ben_sarc_binary""]",banglasarc_binary,314,True,1,csebuetnlp/banglabert,464,0,0,464,0.6052654098814527,0.6357758620689655,0.6364854074686751,0.6048841640758199,0.6057046979865772,0.7114093959731543,0.5,1.4228440635308366,0.21598188852438366,0.16171994302486128,0.5275891885897788,0.4805906663995734,"[[212, 86], [83, 83]]",04_outputs/predictions/19_singlesource_newseeds/19_A_fgm_ben_sarc_binary_seed314_to_banglasarc_binary.csv,6970de89ef36b0ad,0.8067467876847878,0.8067915690866511,383.10259556770325
A,fgm,ben_sarc_binary,"[""ben_sarc_binary""]",banglasarc3_binary,314,True,1,csebuetnlp/banglabert,791,0,0,791,0.6459220606479172,0.6460176991150443,0.6459294174530809,0.6461437055239851,0.6459979542258023,0.6616161616161617,0.6303797468354431,1.4228440635308366,0.20635192993762821,0.15254406178603508,0.5280472343444561,0.48170216340549576,"[[262, 134], [146, 249]]",04_outputs/predictions/19_singlesource_newseeds/19_A_fgm_ben_sarc_binary_seed314_to_banglasarc3_binary.csv,6970de89ef36b0ad,0.8067467876847878,0.8067915690866511,383.10259556770325
A,fgm,ben_sarc_binary,"[""ben_sarc_binary""]",ben_sarc_binary,1337,False,1,csebuetnlp/banglabert,2563,0,0,2563,0.8084135078332371,0.8084276238782676,0.8084128661948266,0.8085261576769955,0.8084310960260425,0.8173302107728337,0.7995319812792512,1.0191595884588327,0.007816348673283421,0.0062910872298315886,0.27142449293463267,0.27140827504619075,"[[1047, 234], [257, 1025]]",04_outputs/predictions/19_singlesource_newseeds/19_A_fgm_ben_sarc_binary_seed1337_to_ben_sarc_binary.csv,6970de89ef36b0ad,0.8075566996251132,0.8075722092115535,306.9755930900574
A,fgm,ben_sarc_binary,"[""ben_sarc_binary""]",banglasarc_binary,1337,True,1,csebuetnlp/banglabert,464,0,0,464,0.5702630702630702,0.6163793103448276,0.6103113840182806,0.57379167743603,0.5692568933451929,0.7348993288590604,0.4036144578313253,1.0191595884588327,0.18197234855039612,0.17895548648604112,0.5055585797711887,0.5030412776401821,"[[219, 79], [99, 67]]",04_outputs/predictions/19_singlesource_newseeds/19_A_fgm_ben_sarc_binary_seed1337_to_banglasarc_binary.csv,6970de89ef36b0ad,0.8075566996251132,0.8075722092115535,306.9755930900574
A,fgm,ben_sarc_binary,"[""ben_sarc_binary""]",banglasarc3_binary,1337,True,1,csebuetnlp/banglabert,791,0,0,791,0.6484511887861464,0.6485461441213654,0.6484584930427018,0.6486746787487842,0.6485264032732387,0.6641414141414141,0.6329113924050633,1.0191595884588327,0.15327540018667146,0.15024220672006927,0.48031056527910776,0.47832615933147327,"[[263, 133], [145, 250]]",04_outputs/predictions/19_singlesource_newseeds/19_A_fgm_ben_sarc_binary_seed1337_to_banglasarc3_binary.csv,6970de89ef36b0ad,0.8075566996251132,0.8075722092115535,306.9755930900574
A,fgm,banglasarc_binary,"[""banglasarc_binary""]",ben_sarc_binary,2025,True,1,csebuetnlp/banglabert,2563,0,0,2563,0.3456015387491465,0.5017557549746391,0.3454768149342699,0.5434980812671801,0.5019464244611939,0.990632318501171,0.01326053042121685,1.0471732488627912,0.49587046080609354,0.4952598973166422,0.9913081631524728,0.9900592653281219,"[[1269, 12], [1265, 17]]",04_outputs/predictions/19_singlesource_newseeds/19_A_fgm_banglasarc_binary_seed2025_to_ben_sarc_binary.csv,6970de89ef36b0ad,0.9905836892414074,0.9913606911447084,89.76738691329956
A,fgm,banglasarc_binary,"[""banglasarc_binary""]",banglasarc_binary,2025,False,1,csebuetnlp/banglabert,464,0,0,464,0.981085543077268,0.9827586206896551,0.9826858781847688,0.9853618421052632,0.9772378103016091,0.9966442953020134,0.9578313253012049,1.0471732488627912,0.01211391574708912,0.011306878166323711,0.03035705920619651,0.03011970386977872,"[[297, 1], [7, 159]]",04_outputs/predictions/19_singlesource_newseeds/19_A_fgm_banglasarc_binary_seed2025_to_banglasarc_binary.csv,6970de89ef36b0ad,0.9905836892414074,0.9913606911447084,89.76738691329956
A,fgm,banglasarc_binary,"[""banglasarc_binary""]",banglasarc3_binary,2025,True,1,csebuetnlp/banglabert,791,25,29,762,0.33470341715022567,0.4881889763779528,0.32631622812138816,0.5437252311756935,0.5011408993457924,0.9946091644204852,0.0076726342710997444,1.0471732488627912,0.5082191640764764,0.5075428541183326,1.0166971332372197,1.0154051227819056,"[[369, 2], [388, 3]]",04_outputs/predictions/19_singlesource_newseeds/19_A_fgm_banglasarc_binary_seed2025_to_banglasarc3_binary.csv,6970de89ef36b0ad,0.9905836892414074,0.9913606911447084,89.76738691329956
A,fgm,banglasarc_binary,"[""banglasarc_binary""]",ben_sarc_binary,13,True,1,csebuetnlp/banglabert,2563,0,0,2563,0.34439229027843504,0.500585251658213,0.34426743579291963,0.5167653638636662,0.5007757687356674,0.9890710382513661,0.0124804992199688,0.9558185430662668,0.49116110070229274,0.4921526723549897,0.9847406802262478,0.9865080426990214,"[[1267, 14], [1266, 16]]",04_outputs/predictions/19_singlesource_newseeds/19_A_fgm_banglasarc_binary_seed13_to_ben_sarc_binary.csv,6970de89ef36b0ad,0.9882766408904688,0.9892008639308856,87.60771369934082
A,fgm,banglasarc_binary,"[""banglasarc_binary""]",banglasarc_binary,13,False,1,csebuetnlp/banglabert,464,0,0,464,0.9811382113821139,0.9827586206896551,0.9827109615923746,0.9838933856593901,0.9785720061453869,0.9932885906040269,0.963855421686747,0.9558185430662668,0.01176694010618097,0.011999819650674157,0.03164023417382919,0.03175929234283624,"[[296, 2], [6, 160]]",04_outputs/predictions/19_singlesource_newseeds/19_A_fgm_banglasarc_binary_seed13_to_banglasarc_binary.csv,6970de89ef36b0ad,0.9882766408904688,0.9892008639308856,87.60771369934082
A,fgm,banglasarc_binary,"[""banglasarc_binary""]",banglasarc3_binary,13,True,1,csebuetnlp/banglabert,791,25,29,762,0.3325097704505638,0.4881889763779528,0.32404894404146656,0.5770750988142292,0.5012098358621545,0.9973045822102425,0.005115089514066497,0.9558185430662668,0.504844263587265,0.5058624455742221,1.009092813258652,1.0111311055003123,"[[370, 1], [389, 2]]",04_outputs/predictions/19_singlesource_newseeds/19_A_fgm_banglasarc_binary_seed13_to_banglasarc3_binary.csv,6970de89ef36b0ad,0.9882766408904688,0.9892008639308856,87.60771369934082
A,fgm,banglasarc_binary,"[""banglasarc_binary""]",ben_sarc_binary,77,True,1,csebuetnlp/banglabert,2563,0,0,2563,0.34336790323199506,0.49980491611392897,0.343242853661346,0.4999013028030004,0.4999954330725922,0.9882903981264637,0.01170046801872075,1.2913341554908353,0.4960806106816651,0.49197798354077,0.9930263777422454,0.9855549316974197,"[[1266, 15], [1267, 15]]",04_outputs/predictions/19_singlesource_newseeds/19_A_fgm_banglasarc_binary_seed77_to_ben_sarc_binary.csv,6970de89ef36b0ad,0.9859503965042887,0.9870410367170627,121.82756781578064
A,fgm,banglasarc_binary,"[""banglasarc_binary""]",banglasarc_binary,77,False,1,csebuetnlp/banglabert,464,0,0,464,0.9740290138250725,0.9762931034482759,0.9762104724401297,0.9774819096816514,0.9708700574108514,0.9899328859060402,0.9518072289156626,1.2913341554908353,0.018213592277662328,0.01335479704386937,0.03457113514764817,0.032113666502242955,"[[295, 3], [8, 158]]",04_outputs/predictions/19_singlesource_newseeds/19_A_fgm_banglasarc_binary_seed77_to_banglasarc_binary.csv,6970de89ef36b0ad,0.9859503965042887,0.9870410367170627,121.82756781578064
A,fgm,banglasarc_binary,"[""banglasarc_binary""]",banglasarc3_binary,77,True,1,csebuetnlp/banglabert,791,25,29,762,0.33624728487886385,0.4868766404199475,0.32794814683252316,0.493368700265252,0.49972425393455167,0.9892183288409704,0.010230179028132993,1.2913341554908353,0.509301709271914,0.5054842146618099,1.0188834479996491,1.0113214051025718,"[[367, 4], [387, 4]]",04_outputs/predictions/19_singlesource_newseeds/19_A_fgm_banglasarc_binary_seed77_to_banglasarc3_binary.csv,6970de89ef36b0ad,0.9859503965042887,0.9870410367170627,121.82756781578064
A,fgm,banglasarc_binary,"[""banglasarc_binary""]",ben_sarc_binary,314,True,1,csebuetnlp/banglabert,2563,0,0,2563,0.3390254131076105,0.49902458056964494,0.3388985303419784,0.474705072748722,0.4992166197186529,0.9914129586260734,0.0070202808112324495,0.6244526257835614,0.48494279557182357,0.4969167420592115,0.9735685493272879,0.9944638584315378,"[[1270, 11], [1273, 9]]",04_outputs/predictions/19_singlesource_newseeds/19_A_fgm_banglasarc_binary_seed314_to_ben_sarc_binary.csv,6970de89ef36b0ad,0.992947269542258,0.9935205183585313,66.52748322486877
A,fgm,banglasarc_binary,"[""banglasarc_binary""]",banglasarc_binary,314,False,1,csebuetnlp/banglabert,464,0,0,464,0.9858141573079511,0.9870689655172413,0.9870144086385766,0.9901315789473684,0.9819277108433735,1.0,0.963855421686747,0.6244526257835614,0.01308739607600953,0.013574489458219546,0.02783864224305535,0.027578826705023176,"[[298, 0], [6, 160]]",04_outputs/predictions/19_singlesource_newseeds/19_A_fgm_banglasarc_binary_seed314_to_banglasarc_binary.csv,6970de89ef36b0ad,0.992947269542258,0.9935205183585313,66.52748322486877
A,fgm,banglasarc_binary,"[""banglasarc_binary""]",banglasarc3_binary,314,True,1,csebuetnlp/banglabert,791,25,29,762,0.3319012007938021,0.4868766404199475,0.3234556727487805,0.4934036939313984,0.49986212696727583,0.9946091644204852,0.005115089514066497,0.6244526257835614,0.5003016756545143,0.5110703719222784,0.9983841869759764,1.0209923408607817,"[[369, 2], [389, 2]]",04_outputs/predictions/19_singlesource_newseeds/19_A_fgm_banglasarc_binary_seed314_to_banglasarc3_binary.csv,6970de89ef36b0ad,0.992947269542258,0.9935205183585313,66.52748322486877
A,fgm,banglasarc_binary,"[""banglasarc_binary""]",ben_sarc_binary,1337,True,1,csebuetnlp/banglabert,2563,0,0,2563,0.35579046362720396,0.5017557549746391,0.3556708199457716,0.5208914835344839,0.501941553071959,0.9781420765027322,0.02574102964118565,0.7853722054247516,0.4738769816645164,0.48447771108933557,0.9530430948836833,0.9705722741427236,"[[1253, 28], [1249, 33]]",04_outputs/predictions/19_singlesource_newseeds/19_A_fgm_banglasarc_binary_seed1337_to_ben_sarc_binary.csv,6970de89ef36b0ad,0.9813155770782889,0.9827213822894169,70.30684089660645
A,fgm,banglasarc_binary,"[""banglasarc_binary""]",banglasarc_binary,1337,False,1,csebuetnlp/banglabert,464,0,0,464,0.972007722007722,0.9741379310344828,0.974204500066569,0.9696678671468587,0.9745289884369694,0.9731543624161074,0.9759036144578314,0.7853722054247516,0.013200489197391977,0.015233800864746398,0.03756199674284029,0.03943467075902253,"[[290, 8], [4, 162]]",04_outputs/predictions/19_singlesource_newseeds/19_A_fgm_banglasarc_binary_seed1337_to_banglasarc_binary.csv,6970de89ef36b0ad,0.9813155770782889,0.9827213822894169,70.30684089660645
A,fgm,banglasarc_binary,"[""banglasarc_binary""]",banglasarc3_binary,1337,True,1,csebuetnlp/banglabert,791,25,29,762,0.34534794498986754,0.484251968503937,0.33743318581527665,0.4675876010781671,0.49668415356298384,0.9703504043126685,0.023017902813299233,0.7853722054247516,0.49269274662004225,0.5008277060396922,0.9819757728852027,1.003260925033667,"[[360, 11], [382, 9]]",04_outputs/predictions/19_singlesource_newseeds/19_A_fgm_banglasarc_binary_seed1337_to_banglasarc3_binary.csv,6970de89ef36b0ad,0.9813155770782889,0.9827213822894169,70.30684089660645
A,fgm,banglasarc3_binary,"[""banglasarc3_binary""]",ben_sarc_binary,2025,True,1,csebuetnlp/banglabert,2563,0,0,2563,0.6656167954802676,0.6687475614514241,0.6656294195366029,0.6752466498754575,0.6687099099889053,0.5722092115534738,0.765210608424337,1.1429981287736064,0.08853974700806032,0.06553695346066148,0.43665528941359943,0.42895001329988836,"[[733, 548], [301, 981]]",04_outputs/predictions/19_singlesource_newseeds/19_A_fgm_banglasarc3_binary_seed2025_to_ben_sarc_binary.csv,6970de89ef36b0ad,0.7596590545640631,0.7597977243994943,105.81674027442932
A,fgm,banglasarc3_binary,"[""banglasarc3_binary""]",banglasarc_binary,2025,True,1,csebuetnlp/banglabert,464,24,28,436,0.5936144649716875,0.6032110091743119,0.608510593286209,0.5954565635637117,0.6007362784471219,0.6111111111111112,0.5903614457831325,1.1429981287736064,0.16272673524294032,0.1419771062331637,0.5321678681532697,0.5177447004486068,"[[165, 105], [68, 98]]",04_outputs/predictions/19_singlesource_newseeds/19_A_fgm_banglasarc3_binary_seed2025_to_banglasarc_binary.csv,6970de89ef36b0ad,0.7596590545640631,0.7597977243994943,105.81674027442932
A,fgm,banglasarc3_binary,"[""banglasarc3_binary""]",banglasarc3_binary,2025,False,1,csebuetnlp/banglabert,791,0,0,791,0.7521454424535421,0.7522123893805309,0.7521402926899274,0.7525281941653119,0.752234369006521,0.7348484848484849,0.769620253164557,1.1429981287736064,0.03634879214948559,0.03436032847139216,0.3268265705022154,0.3256250574959801,"[[291, 105], [91, 304]]",04_outputs/predictions/19_singlesource_newseeds/19_A_fgm_banglasarc3_binary_seed2025_to_banglasarc3_binary.csv,6970de89ef36b0ad,0.7596590545640631,0.7597977243994943,105.81674027442932
A,fgm,banglasarc3_binary,"[""banglasarc3_binary""]",ben_sarc_binary,13,True,1,csebuetnlp/banglabert,2563,0,0,2563,0.6660109636853824,0.6687475614514241,0.6660227593654084,0.6744037390236994,0.6687123456835229,0.5784543325526932,0.7589703588143526,1.5133798259876905,0.13774707193026065,0.06541773126780417,0.4632411502138318,0.431679577929727,"[[741, 540], [309, 973]]",04_outputs/predictions/19_singlesource_newseeds/19_A_fgm_banglasarc3_binary_seed13_to_ben_sarc_binary.csv,6970de89ef36b0ad,0.7645803197685582,0.7648546144121365,136.99464440345764
A,fgm,banglasarc3_binary,"[""banglasarc3_binary""]",banglasarc_binary,13,True,1,csebuetnlp/banglabert,464,24,28,436,0.6061935483870968,0.6146788990825688,0.6199822432672388,0.6084423807513719,0.614636323070058,0.6148148148148148,0.6144578313253012,1.5133798259876905,0.16935437338053022,0.10112482686913966,0.531882046879089,0.48785117911541925,"[[166, 104], [64, 102]]",04_outputs/predictions/19_singlesource_newseeds/19_A_fgm_banglasarc3_binary_seed13_to_banglasarc_binary.csv,6970de89ef36b0ad,0.7645803197685582,0.7648546144121365,136.99464440345764
A,fgm,banglasarc3_binary,"[""banglasarc3_binary""]",banglasarc3_binary,13,False,1,csebuetnlp/banglabert,791,0,0,791,0.7644446294541076,0.7648546144121365,0.7644322056675007,0.766822496104264,0.7649085794655415,0.7222222222222222,0.8075949367088607,1.5133798259876905,0.06575835771239211,0.03620584560518674,0.324898762824629,0.318005858490806,"[[286, 110], [76, 319]]",04_outputs/predictions/19_singlesource_newseeds/19_A_fgm_banglasarc3_binary_seed13_to_banglasarc3_binary.csv,6970de89ef36b0ad,0.7645803197685582,0.7648546144121365,136.99464440345764
A,fgm,banglasarc3_binary,"[""banglasarc3_binary""]",ben_sarc_binary,77,True,1,csebuetnlp/banglabert,2563,0,0,2563,0.654442285434272,0.6562621927428794,0.6544520698821678,0.6595776175620338,0.6562339776963444,0.5839188134270101,0.7285491419656787,1.1024683850884562,0.08719021606877683,0.07068460240387911,0.4419314341114955,0.4366472490242837,"[[748, 533], [348, 934]]",04_outputs/predictions/19_singlesource_newseeds/19_A_fgm_banglasarc3_binary_seed77_to_ben_sarc_binary.csv,6970de89ef36b0ad,0.7660949111037584,0.7661188369152971,106.34359645843506
A,fgm,banglasarc3_binary,"[""banglasarc3_binary""]",banglasarc_binary,77,True,1,csebuetnlp/banglabert,464,24,28,436,0.5516273381694877,0.5756880733944955,0.5764027486982085,0.5514815061055337,0.5518295403837573,0.6518518518518519,0.45180722891566266,1.1024683850884562,0.15908591811108558,0.14581588822828764,0.5392317573799652,0.5279061881972533,"[[176, 94], [91, 75]]",04_outputs/predictions/19_singlesource_newseeds/19_A_fgm_banglasarc3_binary_seed77_to_banglasarc_binary.csv,6970de89ef36b0ad,0.7660949111037584,0.7661188369152971,106.34359645843506
A,fgm,banglasarc3_binary,"[""banglasarc3_binary""]",banglasarc3_binary,77,False,1,csebuetnlp/banglabert,791,0,0,791,0.7762326169405815,0.7762326169405815,0.7762326169405815,0.7762338575629715,0.7762338575629715,0.7752525252525253,0.7772151898734178,1.1024683850884562,0.0318517442054653,0.03634785733425272,0.32221271085858266,0.32278667389710936,"[[307, 89], [88, 307]]",04_outputs/predictions/19_singlesource_newseeds/19_A_fgm_banglasarc3_binary_seed77_to_banglasarc3_binary.csv,6970de89ef36b0ad,0.7660949111037584,0.7661188369152971,106.34359645843506
A,fgm,banglasarc3_binary,"[""banglasarc3_binary""]",ben_sarc_binary,314,True,1,csebuetnlp/banglabert,2563,0,0,2563,0.6527417488734624,0.6527506827936013,0.6527424360980884,0.6527633144670864,0.6527488031605574,0.6479313036690086,0.6575663026521061,1.116737782501535,0.10515034316446355,0.08770828925506391,0.45748604935660064,0.44993580924969817,"[[830, 451], [439, 843]]",04_outputs/predictions/19_singlesource_newseeds/19_A_fgm_banglasarc3_binary_seed314_to_ben_sarc_binary.csv,6970de89ef36b0ad,0.7648452184587058,0.7648546144121365,107.16626119613647
A,fgm,banglasarc3_binary,"[""banglasarc3_binary""]",banglasarc_binary,314,True,1,csebuetnlp/banglabert,464,24,28,436,0.6075130749816371,0.6261467889908257,0.6279120882127489,0.606776135741653,0.6088130298973673,0.6814814814814815,0.536144578313253,1.116737782501535,0.12294080070165078,0.11187578336631612,0.49759332375176957,0.4877666567590044,"[[184, 86], [77, 89]]",04_outputs/predictions/19_singlesource_newseeds/19_A_fgm_banglasarc3_binary_seed314_to_banglasarc_binary.csv,6970de89ef36b0ad,0.7648452184587058,0.7648546144121365,107.16626119613647
A,fgm,banglasarc3_binary,"[""banglasarc3_binary""]",banglasarc3_binary,314,False,1,csebuetnlp/banglabert,791,0,0,791,0.7632028457217321,0.7635903919089759,0.7632149565400834,0.7652224824355972,0.7635404679708477,0.803030303030303,0.7240506329113924,1.116737782501535,0.02771692015017525,0.04044989667585841,0.3315565857324519,0.33073457079418167,"[[318, 78], [109, 286]]",04_outputs/predictions/19_singlesource_newseeds/19_A_fgm_banglasarc3_binary_seed314_to_banglasarc3_binary.csv,6970de89ef36b0ad,0.7648452184587058,0.7648546144121365,107.16626119613647
A,fgm,banglasarc3_binary,"[""banglasarc3_binary""]",ben_sarc_binary,1337,True,1,csebuetnlp/banglabert,2563,0,0,2563,0.6812311832073794,0.6812329301599688,0.6812314743661443,0.6812354312354312,0.6812321204791986,0.6791569086651054,0.6833073322932918,2.9112876776813996,0.24437103693569978,0.07561939592230285,0.5472032321974518,0.43211580655080006,"[[870, 411], [406, 876]]",04_outputs/predictions/19_singlesource_newseeds/19_A_fgm_banglasarc3_binary_seed1337_to_ben_sarc_binary.csv,6970de89ef36b0ad,0.7673826876358522,0.7673830594184576,193.58235812187195
A,fgm,banglasarc3_binary,"[""banglasarc3_binary""]",banglasarc_binary,1337,True,1,csebuetnlp/banglabert,464,24,28,436,0.634530781747358,0.6490825688073395,0.651926021451244,0.6333722110628739,0.6377733154841589,0.6851851851851852,0.5903614457831325,2.9112876776813996,0.27512523743417516,0.10838692593959695,0.5962492845736158,0.4630828797942389,"[[185, 85], [68, 98]]",04_outputs/predictions/19_singlesource_newseeds/19_A_fgm_banglasarc3_binary_seed1337_to_banglasarc_binary.csv,6970de89ef36b0ad,0.7673826876358522,0.7673830594184576,193.58235812187195
A,fgm,banglasarc3_binary,"[""banglasarc3_binary""]",banglasarc3_binary,1337,False,1,csebuetnlp/banglabert,791,0,0,791,0.763584346255584,0.7635903919089759,0.7635828348422361,0.7636317135549873,0.7635980053701572,0.7575757575757576,0.769620253164557,2.9112876776813996,0.1878191582009086,0.033924997660766856,0.40767675621719146,0.3349439616450838,"[[300, 96], [91, 304]]",04_outputs/predictions/19_singlesource_newseeds/19_A_fgm_banglasarc3_binary_seed1337_to_banglasarc3_binary.csv,6970de89ef36b0ad,0.7673826876358522,0.7673830594184576,193.58235812187195
