item_id,gold_label,pred_label,logit_0,logit_1,prob_0,prob_1,temperature,system,source,target,seed
b6ecab58bf5248a0,1,1,-2.140625,2.015625,0.015424552081841137,0.9845754479181588,1.9020349700725094,dann_matched,banglasarc_binary+ben_sarc_binary,banglasarc_binary,42
f061b19e249ef856,0,0,2.3125,-2.171875,0.988841968751916,0.011158031248084033,1.9020349700725094,dann_matched,banglasarc_binary+ben_sarc_binary,banglasarc_binary,42
99266c1b0fd2f322,1,1,-1.5625,1.3046875,0.053799643460063995,0.946200356539936,1.9020349700725094,dann_matched,banglasarc_binary+ben_sarc_binary,banglasarc_binary,42
3c2c54decdcc6d99,1,1,-1.96875,1.8515625,0.021450729175489416,0.9785492708245106,1.9020349700725094,dann_matched,banglasarc_binary+ben_sarc_binary,banglasarc_binary,42
33d85ad347999a5a,1,1,-2.3125,2.25,0.010328152519305191,0.9896718474806949,1.9020349700725094,dann_matched,banglasarc_binary+ben_sarc_binary,banglasarc_binary,42
ccf4cea8c6ea9c4c,1,1,-2.34375,2.390625,0.008711384457705508,0.9912886155422945,1.9020349700725094,dann_matched,banglasarc_binary+ben_sarc_binary,banglasarc_binary,42
354aedce3f067787,0,0,3.515625,-3.609375,0.9991959140643708,0.0008040859356292355,1.9020349700725094,dann_matched,banglasarc_binary+ben_sarc_binary,banglasarc_binary,42
5e5c9b599469306f,0,0,2.25,-2.328125,0.9898303422461273,0.010169657753872614,1.9020349700725094,dann_matched,banglasarc_binary+ben_sarc_binary,banglasarc_binary,42
69a282f3b66426e0,0,0,3.078125,-3.0,0.9977127723941301,0.002287227605869875,1.9020349700725094,dann_matched,banglasarc_binary+ben_sarc_binary,banglasarc_binary,42
f9a136a58adda897,0,1,-0.78125,1.109375,0.13117322376181567,0.8688267762381844,1.9020349700725094,dann_matched,banglasarc_binary+ben_sarc_binary,banglasarc_binary,42
3b1fe826f9400f7b,0,0,1.359375,-1.421875,0.941654159388319,0.05834584061168106,1.9020349700725094,dann_matched,banglasarc_binary+ben_sarc_binary,banglasarc_binary,42
8f07ed926871245e,0,0,2.484375,-2.4375,0.992767236196521,0.007232763803479049,1.9020349700725094,dann_matched,banglasarc_binary+ben_sarc_binary,banglasarc_binary,42
b6b592e6cd16f206,1,1,-2.34375,2.375,0.008847355082930386,0.9911526449170697,1.9020349700725094,dann_matched,banglasarc_binary+ben_sarc_binary,banglasarc_binary,42
847d2c1323f625f5,0,0,2.25,-2.140625,0.9877587247081928,0.012241275291807161,1.9020349700725094,dann_matched,banglasarc_binary+ben_sarc_binary,banglasarc_binary,42
e82ddea1b14a78bb,1,1,-2.46875,2.390625,0.007695647178392188,0.9923043528216078,1.9020349700725094,dann_matched,banglasarc_binary+ben_sarc_binary,banglasarc_binary,42
3e16a47d07bf9c81,0,0,2.796875,-3.125,0.9973269939672114,0.0026730060327886528,1.9020349700725094,dann_matched,banglasarc_binary+ben_sarc_binary,banglasarc_binary,42
4e4bb614156d824f,0,1,-0.58203125,0.83984375,0.19436781101874467,0.8056321889812553,1.9020349700725094,dann_matched,banglasarc_binary+ben_sarc_binary,banglasarc_binary,42
fa388456d9f8061f,0,0,2.203125,-2.328125,0.9893474891602738,0.010652510839726164,1.9020349700725094,dann_matched,banglasarc_binary+ben_sarc_binary,banglasarc_binary,42
97564376775742fc,0,0,2.65625,-2.796875,0.9957353653078126,0.0042646346921872726,1.9020349700725094,dann_matched,banglasarc_binary+ben_sarc_binary,banglasarc_binary,42
720fcbda19c431d4,0,0,2.84375,-2.6875,0.9960545931933981,0.003945406806602023,1.9020349700725094,dann_matched,banglasarc_binary+ben_sarc_binary,banglasarc_binary,42
f05cd670d5eb3b36,0,1,-2.34375,2.359375,0.008985428752560176,0.9910145712474399,1.9020349700725094,dann_matched,banglasarc_binary+ben_sarc_binary,banglasarc_binary,42
bf356e1e5b80737e,1,0,0.578125,-0.73046875,0.7872777442252712,0.21272225577472892,1.9020349700725094,dann_matched,banglasarc_binary+ben_sarc_binary,banglasarc_binary,42
7c46d29349710919,0,0,3.1875,-3.140625,0.9982178036776337,0.0017821963223663927,1.9020349700725094,dann_matched,banglasarc_binary+ben_sarc_binary,banglasarc_binary,42
7f67b700e3875551,1,1,-2.484375,2.5,0.006797531550373378,0.9932024684496267,1.9020349700725094,dann_matched,banglasarc_binary+ben_sarc_binary,banglasarc_binary,42
70abe606ab1dbf90,0,0,2.71875,-2.875,0.9962927471256138,0.0037072528743862213,1.9020349700725094,dann_matched,banglasarc_binary+ben_sarc_binary,banglasarc_binary,42
8ff58b77b4d40481,0,0,2.734375,-2.78125,0.9959927110540886,0.004007288945911384,1.9020349700725094,dann_matched,banglasarc_binary+ben_sarc_binary,banglasarc_binary,42
473b50b5853a12ec,1,1,-2.3125,2.28125,0.010013570623173138,0.9899864293768268,1.9020349700725094,dann_matched,banglasarc_binary+ben_sarc_binary,banglasarc_binary,42
ef00e3f8a775dc49,1,1,-2.390625,2.390625,0.008315778477474129,0.9916842215225259,1.9020349700725094,dann_matched,banglasarc_binary+ben_sarc_binary,banglasarc_binary,42
a0d8b09704b0ca73,0,0,2.328125,-2.171875,0.9890130573694068,0.01098694263059318,1.9020349700725094,dann_matched,banglasarc_binary+ben_sarc_binary,banglasarc_binary,42
8b26341649b58e39,1,1,-2.296875,2.1875,0.011158031248084033,0.988841968751916,1.9020349700725094,dann_matched,banglasarc_binary+ben_sarc_binary,banglasarc_binary,42
8df89bf06eca4d24,0,0,2.8125,-2.75,0.9961755163553627,0.0038244836446372104,1.9020349700725094,dann_matched,banglasarc_binary+ben_sarc_binary,banglasarc_binary,42
93dac68ba6969853,1,1,-2.359375,2.328125,0.00912563738918052,0.9908743626108194,1.9020349700725094,dann_matched,banglasarc_binary+ben_sarc_binary,banglasarc_binary,42
ff48ccf7d075107f,0,0,1.4765625,-1.5546875,0.9539660976007597,0.046033902399240385,1.9020349700725094,dann_matched,banglasarc_binary+ben_sarc_binary,banglasarc_binary,42
02283f55be745d2f,0,0,3.296875,-3.171875,0.998451238905712,0.00154876109428798,1.9020349700725094,dann_matched,banglasarc_binary+ben_sarc_binary,banglasarc_binary,42
049d06a8a1e51de5,0,0,3.15625,-3.609375,0.9988486004343227,0.0011513995656772138,1.9020349700725094,dann_matched,banglasarc_binary+ben_sarc_binary,banglasarc_binary,42
edfe2b6c525c10a2,0,0,0.53515625,-0.44726562,0.7275885048718822,0.2724114951281179,1.9020349700725094,dann_matched,banglasarc_binary+ben_sarc_binary,banglasarc_binary,42
4cbc85bfd9e3f5e7,0,0,3.34375,-3.4375,0.9988664309949126,0.0011335690050875119,1.9020349700725094,dann_matched,banglasarc_binary+ben_sarc_binary,banglasarc_binary,42
47ac9cadc1c56e10,0,0,3.0,-2.921875,0.9973269939672114,0.0026730060327886528,1.9020349700725094,dann_matched,banglasarc_binary+ben_sarc_binary,banglasarc_binary,42
849ae6a3ca3661a9,0,0,2.453125,-2.28125,0.9912886155422945,0.008711384457705508,1.9020349700725094,dann_matched,banglasarc_binary+ben_sarc_binary,banglasarc_binary,42
eab86c94972ccfb2,1,1,-2.21875,2.15625,0.012431650853185818,0.9875683491468141,1.9020349700725094,dann_matched,banglasarc_binary+ben_sarc_binary,banglasarc_binary,42
bd724fe9e3f927e7,1,1,-2.375,2.375,0.008577485413711986,0.991422514586288,1.9020349700725094,dann_matched,banglasarc_binary+ben_sarc_binary,banglasarc_binary,42
9eac11ce77e7c89e,0,0,3.15625,-3.46875,0.9986749775827868,0.0013250224172131609,1.9020349700725094,dann_matched,banglasarc_binary+ben_sarc_binary,banglasarc_binary,42
0419e410b45e9a2e,1,1,-2.328125,2.328125,0.009412589587609823,0.9905874104123901,1.9020349700725094,dann_matched,banglasarc_binary+ben_sarc_binary,banglasarc_binary,42
d20a36cc99440666,0,0,2.234375,-2.109375,0.9871787857334058,0.012821214266594244,1.9020349700725094,dann_matched,banglasarc_binary+ben_sarc_binary,banglasarc_binary,42
a6bbf91bd6015f89,1,1,-2.40625,2.4375,0.007815888789288626,0.9921841112107114,1.9020349700725094,dann_matched,banglasarc_binary+ben_sarc_binary,banglasarc_binary,42
bef1ea5cb0602681,1,1,-2.3125,2.28125,0.010013570623173138,0.9899864293768268,1.9020349700725094,dann_matched,banglasarc_binary+ben_sarc_binary,banglasarc_binary,42
9592b620ece60492,0,0,3.171875,-3.09375,0.9981030799255213,0.0018969200744787132,1.9020349700725094,dann_matched,banglasarc_binary+ben_sarc_binary,banglasarc_binary,42
0a2cf5fbf6e68e8d,1,1,-2.078125,2.015625,0.016403032516163058,0.983596967483837,1.9020349700725094,dann_matched,banglasarc_binary+ben_sarc_binary,banglasarc_binary,42
ac9b7f77c2aa96e4,0,0,2.25,-2.109375,0.9873750507184357,0.012624949281564409,1.9020349700725094,dann_matched,banglasarc_binary+ben_sarc_binary,banglasarc_binary,42
a617e50eaf5b8754,0,0,2.265625,-2.484375,0.991422514586288,0.008577485413711986,1.9020349700725094,dann_matched,banglasarc_binary+ben_sarc_binary,banglasarc_binary,42
179aba993c7b204e,1,1,-2.375,2.390625,0.008445626941126032,0.991554373058874,1.9020349700725094,dann_matched,banglasarc_binary+ben_sarc_binary,banglasarc_binary,42
414153a67660a8b6,0,0,2.359375,-2.203125,0.9896718474806949,0.010328152519305191,1.9020349700725094,dann_matched,banglasarc_binary+ben_sarc_binary,banglasarc_binary,42
f16e70b2630d3514,1,1,-2.03125,1.953125,0.01826427835185701,0.9817357216481429,1.9020349700725094,dann_matched,banglasarc_binary+ben_sarc_binary,banglasarc_binary,42
070a1311a4dc1bd3,0,0,2.53125,-2.515625,0.9936116790902788,0.0063883209097212856,1.9020349700725094,dann_matched,banglasarc_binary+ben_sarc_binary,banglasarc_binary,42
9841abf48832ceb3,0,0,3.0625,-3.078125,0.9978510507163746,0.0021489492836254285,1.9020349700725094,dann_matched,banglasarc_binary+ben_sarc_binary,banglasarc_binary,42
eb39efa4b641ca1c,0,0,2.21875,-2.0625,0.9863631647185701,0.013636835281429876,1.9020349700725094,dann_matched,banglasarc_binary+ben_sarc_binary,banglasarc_binary,42
31d30fd069a54607,1,1,-2.265625,2.265625,0.010652510839726164,0.9893474891602738,1.9020349700725094,dann_matched,banglasarc_binary+ben_sarc_binary,banglasarc_binary,42
0a7a1084333c1c43,1,1,-2.3125,2.296875,0.009859855303538789,0.9901401446964613,1.9020349700725094,dann_matched,banglasarc_binary+ben_sarc_binary,banglasarc_binary,42
b8ebbcb4cab4c396,1,0,2.375,-2.40625,0.9916842215225259,0.008315778477474129,1.9020349700725094,dann_matched,banglasarc_binary+ben_sarc_binary,banglasarc_binary,42
ebd7f52a72b5ba24,0,0,2.5625,-2.421875,0.9932024684496267,0.006797531550373378,1.9020349700725094,dann_matched,banglasarc_binary+ben_sarc_binary,banglasarc_binary,42
ad7981fbbae721ae,1,1,-2.25,2.140625,0.012241275291807161,0.9877587247081928,1.9020349700725094,dann_matched,banglasarc_binary+ben_sarc_binary,banglasarc_binary,42
a369cefedd9af4fc,0,0,2.203125,-1.9375,0.9843363512883317,0.015663648711668327,1.9020349700725094,dann_matched,banglasarc_binary+ben_sarc_binary,banglasarc_binary,42
31bfe4fd840acd78,1,1,-2.703125,2.765625,0.0041987952714718675,0.9958012047285281,1.9020349700725094,dann_matched,banglasarc_binary+ben_sarc_binary,banglasarc_binary,42
bf87338423503e42,0,0,2.875,-2.921875,0.9969721649754317,0.0030278350245683794,1.9020349700725094,dann_matched,banglasarc_binary+ben_sarc_binary,banglasarc_binary,42
a28261dc355e3d66,0,0,2.15625,-2.046875,0.9852713861502774,0.014728613849722676,1.9020349700725094,dann_matched,banglasarc_binary+ben_sarc_binary,banglasarc_binary,42
a6846e2b1de6c9d3,0,0,2.078125,-1.953125,0.9825575152637948,0.01744248473620534,1.9020349700725094,dann_matched,banglasarc_binary+ben_sarc_binary,banglasarc_binary,42
41a59eb11d94f657,1,1,-2.34375,2.328125,0.009268013380914325,0.9907319866190857,1.9020349700725094,dann_matched,banglasarc_binary+ben_sarc_binary,banglasarc_binary,42
bbf5bdb2b963f547,1,1,-2.171875,2.0625,0.014281933925111153,0.9857180660748888,1.9020349700725094,dann_matched,banglasarc_binary+ben_sarc_binary,banglasarc_binary,42
c5fc5828f05a8d79,1,0,2.875,-2.8125,0.9966233876182606,0.0033766123817395013,1.9020349700725094,dann_matched,banglasarc_binary+ben_sarc_binary,banglasarc_binary,42
5827c5b1e88f25c4,0,0,2.703125,-3.015625,0.9967269350293284,0.0032730649706716308,1.9020349700725094,dann_matched,banglasarc_binary+ben_sarc_binary,banglasarc_binary,42
9b635732779934d4,1,1,-2.3125,2.296875,0.009859855303538789,0.9901401446964613,1.9020349700725094,dann_matched,banglasarc_binary+ben_sarc_binary,banglasarc_binary,42
78de5827e406045f,0,0,2.421875,-2.53125,0.992988204618503,0.007011795381497108,1.9020349700725094,dann_matched,banglasarc_binary+ben_sarc_binary,banglasarc_binary,42
464e88863182acc0,1,1,-2.375,2.421875,0.008187909901696235,0.9918120900983038,1.9020349700725094,dann_matched,banglasarc_binary+ben_sarc_binary,banglasarc_binary,42
f2f90b6e958efa13,0,0,2.875,-2.90625,0.9969246301499518,0.0030753698500482337,1.9020349700725094,dann_matched,banglasarc_binary+ben_sarc_binary,banglasarc_binary,42
478a93d9066376b0,0,0,2.625,-2.734375,0.9953181774756662,0.0046818225243337366,1.9020349700725094,dann_matched,banglasarc_binary+ben_sarc_binary,banglasarc_binary,42
fca5df445010fa3a,0,0,2.765625,-2.65625,0.9956005868372635,0.00439941316273649,1.9020349700725094,dann_matched,banglasarc_binary+ben_sarc_binary,banglasarc_binary,42
03423cc5e906c589,0,0,2.65625,-2.421875,0.9938070098421449,0.006192990157855187,1.9020349700725094,dann_matched,banglasarc_binary+ben_sarc_binary,banglasarc_binary,42
65c8b9a97ceda29d,0,0,1.7421875,-1.6953125,0.9688561694652216,0.031143830534778462,1.9020349700725094,dann_matched,banglasarc_binary+ben_sarc_binary,banglasarc_binary,42
beff377970e0524c,0,0,2.203125,-2.09375,0.9865717452580314,0.013428254741968517,1.9020349700725094,dann_matched,banglasarc_binary+ben_sarc_binary,banglasarc_binary,42
81819904118c7d54,0,0,1.125,-1.1015625,0.9026096017480523,0.09739039825194779,1.9020349700725094,dann_matched,banglasarc_binary+ben_sarc_binary,banglasarc_binary,42
a4d4bcaa576359ae,1,1,-2.28125,2.265625,0.010489091259938018,0.9895109087400621,1.9020349700725094,dann_matched,banglasarc_binary+ben_sarc_binary,banglasarc_binary,42
d5d9fb6626ddf674,1,1,-2.359375,2.34375,0.008985428752560176,0.9910145712474399,1.9020349700725094,dann_matched,banglasarc_binary+ben_sarc_binary,banglasarc_binary,42
b2c120f83b1c61a1,0,0,2.84375,-2.796875,0.9964619139429115,0.0035380860570885376,1.9020349700725094,dann_matched,banglasarc_binary+ben_sarc_binary,banglasarc_binary,42
32b18ff68c6a2c0e,1,1,-2.375,2.375,0.008577485413711986,0.991422514586288,1.9020349700725094,dann_matched,banglasarc_binary+ben_sarc_binary,banglasarc_binary,42
9bd81c4ee06bae33,0,0,2.265625,-2.125,0.9877587247081928,0.012241275291807161,1.9020349700725094,dann_matched,banglasarc_binary+ben_sarc_binary,banglasarc_binary,42
bc8b859f759c2827,1,1,-2.40625,2.4375,0.007815888789288626,0.9921841112107114,1.9020349700725094,dann_matched,banglasarc_binary+ben_sarc_binary,banglasarc_binary,42
1e02a1fda1f2996f,0,0,2.984375,-3.015625,0.9975273768433653,0.0024726231566347748,1.9020349700725094,dann_matched,banglasarc_binary+ben_sarc_binary,banglasarc_binary,42
89ef7ceec8a9f447,0,0,2.3125,-2.171875,0.988841968751916,0.011158031248084033,1.9020349700725094,dann_matched,banglasarc_binary+ben_sarc_binary,banglasarc_binary,42
219af4712cce12fc,1,1,-2.859375,3.0,0.0028449096649795012,0.9971550903350206,1.9020349700725094,dann_matched,banglasarc_binary+ben_sarc_binary,banglasarc_binary,42
aedbc8237e5b4499,0,0,2.34375,-2.140625,0.988841968751916,0.011158031248084033,1.9020349700725094,dann_matched,banglasarc_binary+ben_sarc_binary,banglasarc_binary,42
500a10e017970522,1,0,1.4296875,-1.3046875,0.9390248191350352,0.06097518086496481,1.9020349700725094,dann_matched,banglasarc_binary+ben_sarc_binary,banglasarc_binary,42
221889f745995453,0,0,3.015625,-3.015625,0.997603269129871,0.0023967308701289603,1.9020349700725094,dann_matched,banglasarc_binary+ben_sarc_binary,banglasarc_binary,42
707ff3b93a9ce123,1,1,-2.34375,2.34375,0.00912563738918052,0.9908743626108194,1.9020349700725094,dann_matched,banglasarc_binary+ben_sarc_binary,banglasarc_binary,42
dc9a154e61afb80a,1,1,-2.390625,2.390625,0.008315778477474129,0.9916842215225259,1.9020349700725094,dann_matched,banglasarc_binary+ben_sarc_binary,banglasarc_binary,42
5ae4a241a9a59ed4,0,0,2.671875,-2.640625,0.9950945942942779,0.004905405705722035,1.9020349700725094,dann_matched,banglasarc_binary+ben_sarc_binary,banglasarc_binary,42
7cd028b9c57e14c7,0,0,0.7890625,-0.75390625,0.823895879756849,0.17610412024315097,1.9020349700725094,dann_matched,banglasarc_binary+ben_sarc_binary,banglasarc_binary,42
6b34cd82c590448d,1,1,-2.375,2.34375,0.008847355082930386,0.9911526449170697,1.9020349700725094,dann_matched,banglasarc_binary+ben_sarc_binary,banglasarc_binary,42
e8e3761b81d60083,0,0,2.984375,-2.9375,0.9973269939672114,0.0026730060327886528,1.9020349700725094,dann_matched,banglasarc_binary+ben_sarc_binary,banglasarc_binary,42
5ce7fe85337cc26e,0,0,3.3125,-3.296875,0.998654139598703,0.0013458604012970923,1.9020349700725094,dann_matched,banglasarc_binary+ben_sarc_binary,banglasarc_binary,42
530cdfd1c4a88ef3,0,0,3.28125,-3.296875,0.99861147672431,0.0013885232756900101,1.9020349700725094,dann_matched,banglasarc_binary+ben_sarc_binary,banglasarc_binary,42
df7496fc524ef932,0,0,2.875,-2.953125,0.9970650482552862,0.002934951744713737,1.9020349700725094,dann_matched,banglasarc_binary+ben_sarc_binary,banglasarc_binary,42
55a1d40cde65f56a,0,1,-0.31054688,0.58984375,0.2889702304326297,0.7110297695673703,1.9020349700725094,dann_matched,banglasarc_binary+ben_sarc_binary,banglasarc_binary,42
7f7ef9d439e14876,0,0,1.2734375,-1.203125,0.9224823435231172,0.07751765647688268,1.9020349700725094,dann_matched,banglasarc_binary+ben_sarc_binary,banglasarc_binary,42
1c6197d05d78dae0,0,0,2.5625,-2.46875,0.9935117304033434,0.006488269596656705,1.9020349700725094,dann_matched,banglasarc_binary+ben_sarc_binary,banglasarc_binary,42
9094c8b4465523e6,0,0,2.390625,-2.234375,0.9902915235185259,0.009708476481474066,1.9020349700725094,dann_matched,banglasarc_binary+ben_sarc_binary,banglasarc_binary,42
547c33f0862f0c5a,0,0,3.40625,-3.4375,0.9989350373279441,0.0010649626720559452,1.9020349700725094,dann_matched,banglasarc_binary+ben_sarc_binary,banglasarc_binary,42
16013d8f651abfc0,0,0,3.34375,-3.328125,0.9987355780553607,0.0012644219446392272,1.9020349700725094,dann_matched,banglasarc_binary+ben_sarc_binary,banglasarc_binary,42
1c29acc84c243687,0,0,2.9375,-2.703125,0.9964619139429115,0.0035380860570885376,1.9020349700725094,dann_matched,banglasarc_binary+ben_sarc_binary,banglasarc_binary,42
896c09e0fb31bd6b,1,1,-2.421875,2.359375,0.008315778477474129,0.9916842215225259,1.9020349700725094,dann_matched,banglasarc_binary+ben_sarc_binary,banglasarc_binary,42
8620b42dd73377be,1,1,-2.375,2.359375,0.008711384457705508,0.9912886155422945,1.9020349700725094,dann_matched,banglasarc_binary+ben_sarc_binary,banglasarc_binary,42
d3e5af5ba9c33225,1,1,-2.421875,2.40625,0.007937994101407319,0.9920620058985926,1.9020349700725094,dann_matched,banglasarc_binary+ben_sarc_binary,banglasarc_binary,42
4f1e9905211c449c,1,1,-2.453125,2.3125,0.008445626941126032,0.991554373058874,1.9020349700725094,dann_matched,banglasarc_binary+ben_sarc_binary,banglasarc_binary,42
3d89b6361110546a,0,1,-0.93359375,1.2265625,0.10338596660618364,0.8966140333938164,1.9020349700725094,dann_matched,banglasarc_binary+ben_sarc_binary,banglasarc_binary,42
56e272535724a562,0,0,2.734375,-2.71875,0.9957353653078126,0.0042646346921872726,1.9020349700725094,dann_matched,banglasarc_binary+ben_sarc_binary,banglasarc_binary,42
4b5360e590840e86,0,0,2.53125,-2.375,0.9926541734255229,0.007345826574477061,1.9020349700725094,dann_matched,banglasarc_binary+ben_sarc_binary,banglasarc_binary,42
d97e740f6d4102a4,0,0,3.03125,-3.046875,0.9977127723941301,0.002287227605869875,1.9020349700725094,dann_matched,banglasarc_binary+ben_sarc_binary,banglasarc_binary,42
5931e2cc16530194,1,1,-1.8828125,1.75,0.025760559119668493,0.9742394408803315,1.9020349700725094,dann_matched,banglasarc_binary+ben_sarc_binary,banglasarc_binary,42
33c1fa0888ab2faf,1,1,-2.34375,2.328125,0.009268013380914325,0.9907319866190857,1.9020349700725094,dann_matched,banglasarc_binary+ben_sarc_binary,banglasarc_binary,42
bdeaabc5ddbc4e49,0,0,3.15625,-3.265625,0.9983770329385311,0.0016229670614688403,1.9020349700725094,dann_matched,banglasarc_binary+ben_sarc_binary,banglasarc_binary,42
6d763a59852a385f,1,1,-2.34375,2.28125,0.009708476481474066,0.9902915235185259,1.9020349700725094,dann_matched,banglasarc_binary+ben_sarc_binary,banglasarc_binary,42
f333a686edff8913,0,0,3.03125,-2.9375,0.9974490875787134,0.002550912421286719,1.9020349700725094,dann_matched,banglasarc_binary+ben_sarc_binary,banglasarc_binary,42
7c076e385f4f0999,0,1,-0.40820312,0.72265625,0.2440025411640579,0.7559974588359422,1.9020349700725094,dann_matched,banglasarc_binary+ben_sarc_binary,banglasarc_binary,42
f402808142c43274,1,1,-2.25,2.578125,0.007937994101407319,0.9920620058985926,1.9020349700725094,dann_matched,banglasarc_binary+ben_sarc_binary,banglasarc_binary,42
a2231a186bd627d5,0,0,2.96875,-3.0625,0.997603269129871,0.0023967308701289603,1.9020349700725094,dann_matched,banglasarc_binary+ben_sarc_binary,banglasarc_binary,42
4a47c4725deb78f6,0,0,2.765625,-3.046875,0.9970189672701452,0.0029810327298548972,1.9020349700725094,dann_matched,banglasarc_binary+ben_sarc_binary,banglasarc_binary,42
3fd3310745d60f21,1,1,-2.5,2.515625,0.006589771663080563,0.9934102283369194,1.9020349700725094,dann_matched,banglasarc_binary+ben_sarc_binary,banglasarc_binary,42
01bddb57e2211d48,0,0,1.0546875,-0.98828125,0.8852352197343663,0.1147647802656337,1.9020349700725094,dann_matched,banglasarc_binary+ben_sarc_binary,banglasarc_binary,42
b6ec5fb0329887c8,0,0,0.25195312,-0.07910156,0.5820159764067886,0.41798402359321135,1.9020349700725094,dann_matched,banglasarc_binary+ben_sarc_binary,banglasarc_binary,42
ff73e6301fc96b10,0,0,2.5,-2.53125,0.9935117304033434,0.006488269596656705,1.9020349700725094,dann_matched,banglasarc_binary+ben_sarc_binary,banglasarc_binary,42
eb85d77a926022ec,1,1,-2.203125,2.125,0.013020490113842825,0.9869795098861571,1.9020349700725094,dann_matched,banglasarc_binary+ben_sarc_binary,banglasarc_binary,42
9a21539bc282765b,1,1,-2.34375,2.3125,0.009412589587609823,0.9905874104123901,1.9020349700725094,dann_matched,banglasarc_binary+ben_sarc_binary,banglasarc_binary,42
f978772215310bee,1,1,-2.140625,1.9375,0.01665704000922906,0.983342959990771,1.9020349700725094,dann_matched,banglasarc_binary+ben_sarc_binary,banglasarc_binary,42
160178bacd579735,0,0,3.203125,-3.265625,0.998451238905712,0.00154876109428798,1.9020349700725094,dann_matched,banglasarc_binary+ben_sarc_binary,banglasarc_binary,42
55f111989e9529e9,0,0,2.625,-2.421875,0.9936116790902788,0.0063883209097212856,1.9020349700725094,dann_matched,banglasarc_binary+ben_sarc_binary,banglasarc_binary,42
41a347ab33873921,0,0,2.28125,-2.359375,0.9904406006529085,0.009559399347091532,1.9020349700725094,dann_matched,banglasarc_binary+ben_sarc_binary,banglasarc_binary,42
6656ac0c346aa79b,0,0,1.9375,-1.9921875,0.9807288620802312,0.019271137919768803,1.9020349700725094,dann_matched,banglasarc_binary+ben_sarc_binary,banglasarc_binary,42
2befbc12c9e234f3,1,1,-0.82421875,0.80078125,0.1645164628965632,0.8354835371034369,1.9020349700725094,dann_matched,banglasarc_binary+ben_sarc_binary,banglasarc_binary,42
330c87c5e89aa6cc,0,0,3.34375,-3.40625,0.9988304897349445,0.0011695102650555148,1.9020349700725094,dann_matched,banglasarc_binary+ben_sarc_binary,banglasarc_binary,42
27a50c5408eb000a,0,0,3.03125,-3.1875,0.998012225787616,0.001987774212383911,1.9020349700725094,dann_matched,banglasarc_binary+ben_sarc_binary,banglasarc_binary,42
183e6cbeed6362eb,0,0,3.15625,-3.015625,0.9979170292169542,0.0020829707830458,1.9020349700725094,dann_matched,banglasarc_binary+ben_sarc_binary,banglasarc_binary,42
5bac6f417c8edb1f,0,0,3.421875,-3.640625,0.9991440993632549,0.0008559006367452269,1.9020349700725094,dann_matched,banglasarc_binary+ben_sarc_binary,banglasarc_binary,42
5fd0ff605f3f5ed1,0,0,3.359375,-3.421875,0.9988664309949126,0.0011335690050875119,1.9020349700725094,dann_matched,banglasarc_binary+ben_sarc_binary,banglasarc_binary,42
d3d4dceeee51054d,1,1,-2.390625,2.40625,0.008187909901696235,0.9918120900983038,1.9020349700725094,dann_matched,banglasarc_binary+ben_sarc_binary,banglasarc_binary,42
e7ac5fcce3ba6768,0,0,3.4375,-3.484375,0.9990149917032549,0.0009850082967450694,1.9020349700725094,dann_matched,banglasarc_binary+ben_sarc_binary,banglasarc_binary,42
82bb8bbb45accdf6,0,0,1.046875,-1.0625,0.8918110454379297,0.10818895456207035,1.9020349700725094,dann_matched,banglasarc_binary+ben_sarc_binary,banglasarc_binary,42
12931af50413255e,1,1,-2.765625,2.875,0.0035380860570885376,0.9964619139429115,1.9020349700725094,dann_matched,banglasarc_binary+ben_sarc_binary,banglasarc_binary,42
2b01d91b07183f89,1,1,-2.34375,2.203125,0.010489091259938018,0.9895109087400621,1.9020349700725094,dann_matched,banglasarc_binary+ben_sarc_binary,banglasarc_binary,42
7f8fe456dcebfe53,0,0,2.171875,-2.28125,0.9884918509356967,0.011508149064303403,1.9020349700725094,dann_matched,banglasarc_binary+ben_sarc_binary,banglasarc_binary,42
bd0d7c915bcdc9b7,0,1,-0.5390625,0.94140625,0.18535662781502407,0.8146433721849758,1.9020349700725094,dann_matched,banglasarc_binary+ben_sarc_binary,banglasarc_binary,42
5d59b9ac4726b73f,0,0,2.65625,-2.546875,0.9945307254013009,0.005469274598698993,1.9020349700725094,dann_matched,banglasarc_binary+ben_sarc_binary,banglasarc_binary,42
1fafe55447e65fad,1,1,-2.296875,2.265625,0.010328152519305191,0.9896718474806949,1.9020349700725094,dann_matched,banglasarc_binary+ben_sarc_binary,banglasarc_binary,42
86f03bf621a4d999,0,1,-0.80859375,1.140625,0.12463857053608371,0.8753614294639163,1.9020349700725094,dann_matched,banglasarc_binary+ben_sarc_binary,banglasarc_binary,42
f5023439f5168612,1,1,-2.34375,2.328125,0.009268013380914325,0.9907319866190857,1.9020349700725094,dann_matched,banglasarc_binary+ben_sarc_binary,banglasarc_binary,42
fa81c314f872a118,0,0,2.203125,-2.09375,0.9865717452580314,0.013428254741968517,1.9020349700725094,dann_matched,banglasarc_binary+ben_sarc_binary,banglasarc_binary,42
25537e6181e9b94a,0,0,1.453125,-1.515625,0.9511422213778251,0.048857778622174906,1.9020349700725094,dann_matched,banglasarc_binary+ben_sarc_binary,banglasarc_binary,42
fb1cda4d9ad6731f,0,0,2.0,-2.0625,0.9830850867332734,0.01691491326672651,1.9020349700725094,dann_matched,banglasarc_binary+ben_sarc_binary,banglasarc_binary,42
cc1940d751d0c6b0,0,0,1.484375,-1.3359375,0.9437636542955161,0.056236345704483756,1.9020349700725094,dann_matched,banglasarc_binary+ben_sarc_binary,banglasarc_binary,42
d7df458564c5332f,0,0,2.71875,-2.859375,0.9962345862153261,0.0037654137846738736,1.9020349700725094,dann_matched,banglasarc_binary+ben_sarc_binary,banglasarc_binary,42
4b40349d7148d14f,0,0,3.25,-3.140625,0.99832560069629,0.001674399303710119,1.9020349700725094,dann_matched,banglasarc_binary+ben_sarc_binary,banglasarc_binary,42
c39f26e32ae0f655,0,0,2.90625,-2.921875,0.9970650482552862,0.002934951744713737,1.9020349700725094,dann_matched,banglasarc_binary+ben_sarc_binary,banglasarc_binary,42
72cccc0c8a0ac697,0,0,2.296875,-2.421875,0.9911526449170697,0.008847355082930386,1.9020349700725094,dann_matched,banglasarc_binary+ben_sarc_binary,banglasarc_binary,42
42f8d600f33a8f4f,1,1,-2.28125,2.328125,0.009859855303538789,0.9901401446964613,1.9020349700725094,dann_matched,banglasarc_binary+ben_sarc_binary,banglasarc_binary,42
223d033edd57e10d,0,0,2.390625,-2.3125,0.9910145712474399,0.008985428752560176,1.9020349700725094,dann_matched,banglasarc_binary+ben_sarc_binary,banglasarc_binary,42
5977ae3e514b99c4,1,1,-2.21875,2.125,0.012821214266594244,0.9871787857334058,1.9020349700725094,dann_matched,banglasarc_binary+ben_sarc_binary,banglasarc_binary,42
ee0b735dd33b4800,1,1,-2.4375,2.421875,0.007695647178392188,0.9923043528216078,1.9020349700725094,dann_matched,banglasarc_binary+ben_sarc_binary,banglasarc_binary,42
86377a6d624c6f0b,1,1,-2.375,2.359375,0.008711384457705508,0.9912886155422945,1.9020349700725094,dann_matched,banglasarc_binary+ben_sarc_binary,banglasarc_binary,42
4243b14e1ea32a3a,1,1,-2.0625,1.953125,0.017712298703411445,0.9822877012965885,1.9020349700725094,dann_matched,banglasarc_binary+ben_sarc_binary,banglasarc_binary,42
7e3551ab73fcce69,1,1,-2.1875,2.078125,0.013848610215564576,0.9861513897844354,1.9020349700725094,dann_matched,banglasarc_binary+ben_sarc_binary,banglasarc_binary,42
1bae61ff08df515b,0,0,3.1875,-3.390625,0.99861147672431,0.0013885232756900101,1.9020349700725094,dann_matched,banglasarc_binary+ben_sarc_binary,banglasarc_binary,42
ff36e66a2631316f,0,0,1.25,-1.1328125,0.9155072460249908,0.08449275397500926,1.9020349700725094,dann_matched,banglasarc_binary+ben_sarc_binary,banglasarc_binary,42
dbfed52e797008aa,0,0,2.0625,-1.9296875,0.9818752792555313,0.018124720744468643,1.9020349700725094,dann_matched,banglasarc_binary+ben_sarc_binary,banglasarc_binary,42
3087eb1c0abad6d1,0,0,0.81640625,-0.703125,0.8204694444011801,0.17953055559881986,1.9020349700725094,dann_matched,banglasarc_binary+ben_sarc_binary,banglasarc_binary,42
4fe84529a791bd40,0,0,2.59375,-2.46875,0.9937100978631075,0.0062899021368924835,1.9020349700725094,dann_matched,banglasarc_binary+ben_sarc_binary,banglasarc_binary,42
c52af1026369cbc1,0,0,3.359375,-3.4375,0.9988839857401568,0.001116014259843091,1.9020349700725094,dann_matched,banglasarc_binary+ben_sarc_binary,banglasarc_binary,42
497be026d588a01e,0,0,0.8359375,-0.80078125,0.8370879625470882,0.16291203745291188,1.9020349700725094,dann_matched,banglasarc_binary+ben_sarc_binary,banglasarc_binary,42
757d815a0d433fdb,0,0,2.90625,-2.6875,0.9962927471256138,0.0037072528743862213,1.9020349700725094,dann_matched,banglasarc_binary+ben_sarc_binary,banglasarc_binary,42
6b083bc5aac4ff6f,0,0,2.515625,-2.625,0.994180040415741,0.005819959584259008,1.9020349700725094,dann_matched,banglasarc_binary+ben_sarc_binary,banglasarc_binary,42
d42f8d95e3917b2b,0,0,0.97265625,-0.50390625,0.8140528050985784,0.1859471949014217,1.9020349700725094,dann_matched,banglasarc_binary+ben_sarc_binary,banglasarc_binary,42
0c808569b4b277ae,0,0,0.46289062,-0.3828125,0.6996649987920285,0.30033500120797163,1.9020349700725094,dann_matched,banglasarc_binary+ben_sarc_binary,banglasarc_binary,42
fabab46fb98f49c3,0,0,2.140625,-2.15625,0.9865717452580314,0.013428254741968517,1.9020349700725094,dann_matched,banglasarc_binary+ben_sarc_binary,banglasarc_binary,42
83b6537bab1419b4,0,0,1.09375,-1.0703125,0.896975571673783,0.1030244283262171,1.9020349700725094,dann_matched,banglasarc_binary+ben_sarc_binary,banglasarc_binary,42
9fb74d8f97fe77a6,1,1,-2.328125,2.265625,0.010013570623173138,0.9899864293768268,1.9020349700725094,dann_matched,banglasarc_binary+ben_sarc_binary,banglasarc_binary,42
47c86cad18b47fb2,0,0,2.875,-2.890625,0.9968763514001466,0.0031236485998533104,1.9020349700725094,dann_matched,banglasarc_binary+ben_sarc_binary,banglasarc_binary,42
0af1546adb996a3c,0,1,-0.80859375,1.1328125,0.12549344653756345,0.8745065534624367,1.9020349700725094,dann_matched,banglasarc_binary+ben_sarc_binary,banglasarc_binary,42
cdd8fd6dd641b0fb,0,0,3.40625,-3.28125,0.9987551566979116,0.0012448433020883743,1.9020349700725094,dann_matched,banglasarc_binary+ben_sarc_binary,banglasarc_binary,42
d486d499ee6323be,0,0,1.03125,-1.0390625,0.8879840490799963,0.11201595092000367,1.9020349700725094,dann_matched,banglasarc_binary+ben_sarc_binary,banglasarc_binary,42
2993db4828816832,0,1,-1.0859375,1.4921875,0.07055959618729296,0.9294404038127071,1.9020349700725094,dann_matched,banglasarc_binary+ben_sarc_binary,banglasarc_binary,42
38cee93f1327a19a,1,1,-2.40625,2.40625,0.008061991528271641,0.9919380084717284,1.9020349700725094,dann_matched,banglasarc_binary+ben_sarc_binary,banglasarc_binary,42
1b5a9ab7810ea9b1,0,0,1.375,-1.3828125,0.9403530570548787,0.0596469429451214,1.9020349700725094,dann_matched,banglasarc_binary+ben_sarc_binary,banglasarc_binary,42
01c745086b6b1225,0,0,2.578125,-2.421875,0.9933071490757153,0.006692850924284856,1.9020349700725094,dann_matched,banglasarc_binary+ben_sarc_binary,banglasarc_binary,42
ae2e6430b5d8b845,0,0,2.84375,-2.734375,0.9962345862153261,0.0037654137846738736,1.9020349700725094,dann_matched,banglasarc_binary+ben_sarc_binary,banglasarc_binary,42
922ff87b4844f44e,1,1,-2.296875,2.234375,0.010652510839726164,0.9893474891602738,1.9020349700725094,dann_matched,banglasarc_binary+ben_sarc_binary,banglasarc_binary,42
6003d63cbdc72db6,0,0,2.21875,-2.3125,0.9893474891602738,0.010652510839726164,1.9020349700725094,dann_matched,banglasarc_binary+ben_sarc_binary,banglasarc_binary,42
2e3807bbaea53d93,1,1,-2.328125,2.28125,0.009859855303538789,0.9901401446964613,1.9020349700725094,dann_matched,banglasarc_binary+ben_sarc_binary,banglasarc_binary,42
782e4bea036b502e,1,1,-2.4375,2.4375,0.007577241267860811,0.9924227587321393,1.9020349700725094,dann_matched,banglasarc_binary+ben_sarc_binary,banglasarc_binary,42
a1a1ff9665e759f1,0,0,1.34375,-1.3828125,0.9385759599453297,0.06142404005467019,1.9020349700725094,dann_matched,banglasarc_binary+ben_sarc_binary,banglasarc_binary,42
552ac7a7d2eb5081,0,0,1.4609375,-1.40625,0.946200356539936,0.053799643460063995,1.9020349700725094,dann_matched,banglasarc_binary+ben_sarc_binary,banglasarc_binary,42
24adcea893b02752,1,1,-2.421875,2.5,0.007232763803479049,0.992767236196521,1.9020349700725094,dann_matched,banglasarc_binary+ben_sarc_binary,banglasarc_binary,42
0d9e640fdb122739,0,0,3.40625,-3.25,0.9987156918798661,0.0012843081201339697,1.9020349700725094,dann_matched,banglasarc_binary+ben_sarc_binary,banglasarc_binary,42
7535468e71e7bc0b,0,0,2.921875,-2.734375,0.9965165758069192,0.0034834241930806675,1.9020349700725094,dann_matched,banglasarc_binary+ben_sarc_binary,banglasarc_binary,42
b2a400d1358b3d18,0,1,-0.06982422,0.12597656,0.45120559494204154,0.5487944050579585,1.9020349700725094,dann_matched,banglasarc_binary+ben_sarc_binary,banglasarc_binary,42
b099202755808ded,1,1,-2.3125,2.359375,0.009268013380914325,0.9907319866190857,1.9020349700725094,dann_matched,banglasarc_binary+ben_sarc_binary,banglasarc_binary,42
fd59b311773de595,0,0,1.390625,-1.296875,0.9362850057480346,0.06371499425196533,1.9020349700725094,dann_matched,banglasarc_binary+ben_sarc_binary,banglasarc_binary,42
3d54648a8c138b6d,1,1,-2.671875,2.609375,0.00506033203196621,0.9949396679680339,1.9020349700725094,dann_matched,banglasarc_binary+ben_sarc_binary,banglasarc_binary,42
26fd9f849c608fa4,0,0,2.703125,-2.609375,0.9950945942942779,0.004905405705722035,1.9020349700725094,dann_matched,banglasarc_binary+ben_sarc_binary,banglasarc_binary,42
3e84351f0d7b7605,0,0,2.96875,-2.8125,0.9969246301499518,0.0030753698500482337,1.9020349700725094,dann_matched,banglasarc_binary+ben_sarc_binary,banglasarc_binary,42
f5e7e258d2e152c3,0,1,-0.703125,0.97265625,0.1576549093940152,0.8423450906059847,1.9020349700725094,dann_matched,banglasarc_binary+ben_sarc_binary,banglasarc_binary,42
4ae0c194c0c55722,0,0,3.15625,-3.203125,0.9982725413732704,0.001727458626729702,1.9020349700725094,dann_matched,banglasarc_binary+ben_sarc_binary,banglasarc_binary,42
2df97fba5e6fb931,0,0,3.375,-3.515625,0.9989837559589321,0.0010162440410680167,1.9020349700725094,dann_matched,banglasarc_binary+ben_sarc_binary,banglasarc_binary,42
65d68e66c46f53bf,0,0,3.03125,-2.859375,0.9972423776326046,0.002757622367395409,1.9020349700725094,dann_matched,banglasarc_binary+ben_sarc_binary,banglasarc_binary,42
8343562e80411f0d,1,1,-2.359375,2.421875,0.008315778477474129,0.9916842215225259,1.9020349700725094,dann_matched,banglasarc_binary+ben_sarc_binary,banglasarc_binary,42
6af1d33e536515e8,1,1,-0.3984375,0.03466797,0.3933850186356973,0.6066149813643026,1.9020349700725094,dann_matched,banglasarc_binary+ben_sarc_binary,banglasarc_binary,42
f4ab992cc79f0658,0,0,3.390625,-3.484375,0.9989677689632452,0.0010322310367548194,1.9020349700725094,dann_matched,banglasarc_binary+ben_sarc_binary,banglasarc_binary,42
c58f0e4a0d7dc895,1,0,2.25,-2.34375,0.9899864293768268,0.010013570623173138,1.9020349700725094,dann_matched,banglasarc_binary+ben_sarc_binary,banglasarc_binary,42
4b10b5580a2201f7,0,0,1.71875,-1.5234375,0.9623913644941934,0.03760863550580657,1.9020349700725094,dann_matched,banglasarc_binary+ben_sarc_binary,banglasarc_binary,42
9778aa5d7038ce13,1,1,-2.4375,2.34375,0.008315778477474129,0.9916842215225259,1.9020349700725094,dann_matched,banglasarc_binary+ben_sarc_binary,banglasarc_binary,42
9a0fe945a89e2df5,0,0,1.8671875,-1.96875,0.9788748081040518,0.02112519189594821,1.9020349700725094,dann_matched,banglasarc_binary+ben_sarc_binary,banglasarc_binary,42
6eb8e2072dc0bee4,0,0,3.09375,-2.90625,0.9975273768433653,0.0024726231566347748,1.9020349700725094,dann_matched,banglasarc_binary+ben_sarc_binary,banglasarc_binary,42
fc2de90928aa31c7,0,0,2.203125,-2.203125,0.9879462204837635,0.012053779516236447,1.9020349700725094,dann_matched,banglasarc_binary+ben_sarc_binary,banglasarc_binary,42
b233efa814008fcb,0,0,2.265625,-2.296875,0.9896718474806949,0.010328152519305191,1.9020349700725094,dann_matched,banglasarc_binary+ben_sarc_binary,banglasarc_binary,42
22eeb839de36493e,1,1,-2.421875,2.4375,0.007695647178392188,0.9923043528216078,1.9020349700725094,dann_matched,banglasarc_binary+ben_sarc_binary,banglasarc_binary,42
b6b9ea06d9dc4043,0,0,3.3125,-3.265625,0.99861147672431,0.0013885232756900101,1.9020349700725094,dann_matched,banglasarc_binary+ben_sarc_binary,banglasarc_binary,42
d9dee8a0a0bd3588,0,0,1.4921875,-1.5546875,0.9546474194456936,0.04535258055430642,1.9020349700725094,dann_matched,banglasarc_binary+ben_sarc_binary,banglasarc_binary,42
cc4b8f121154c668,0,1,-1.5,1.8828125,0.03283695602724524,0.9671630439727548,1.9020349700725094,dann_matched,banglasarc_binary+ben_sarc_binary,banglasarc_binary,42
e03e2bd7e5e3bf71,0,0,2.203125,-2.0625,0.9861513897844354,0.013848610215564576,1.9020349700725094,dann_matched,banglasarc_binary+ben_sarc_binary,banglasarc_binary,42
fad91c6f6fcb7f23,1,1,-2.3125,2.359375,0.009268013380914325,0.9907319866190857,1.9020349700725094,dann_matched,banglasarc_binary+ben_sarc_binary,banglasarc_binary,42
9ade8a9a634f717f,1,1,-2.265625,2.1875,0.011508149064303403,0.9884918509356967,1.9020349700725094,dann_matched,banglasarc_binary+ben_sarc_binary,banglasarc_binary,42
5af9f068051b8a3b,1,1,-2.484375,2.546875,0.006488269596656705,0.9935117304033434,1.9020349700725094,dann_matched,banglasarc_binary+ben_sarc_binary,banglasarc_binary,42
b0dd06a29f1d588a,1,1,-2.3125,2.359375,0.009268013380914325,0.9907319866190857,1.9020349700725094,dann_matched,banglasarc_binary+ben_sarc_binary,banglasarc_binary,42
140ebe0f2821bd6c,1,1,-2.390625,2.421875,0.008061991528271641,0.9919380084717284,1.9020349700725094,dann_matched,banglasarc_binary+ben_sarc_binary,banglasarc_binary,42
d485495b9f785a6f,0,0,3.015625,-3.203125,0.998012225787616,0.001987774212383911,1.9020349700725094,dann_matched,banglasarc_binary+ben_sarc_binary,banglasarc_binary,42
2ee15ce3a4cc4d48,0,0,3.109375,-3.09375,0.9979809860995514,0.0020190139004485808,1.9020349700725094,dann_matched,banglasarc_binary+ben_sarc_binary,banglasarc_binary,42
a5aa9bb52675a24b,1,1,-1.3046875,1.1875,0.07640768335044701,0.923592316649553,1.9020349700725094,dann_matched,banglasarc_binary+ben_sarc_binary,banglasarc_binary,42
a44721219a952d9a,0,0,3.40625,-3.390625,0.9988839857401568,0.001116014259843091,1.9020349700725094,dann_matched,banglasarc_binary+ben_sarc_binary,banglasarc_binary,42
29b4b179498eac81,0,0,1.0546875,-1.109375,0.896975571673783,0.1030244283262171,1.9020349700725094,dann_matched,banglasarc_binary+ben_sarc_binary,banglasarc_binary,42
1d8f02ecf7a1587f,0,0,0.5234375,-0.37890625,0.711430905738061,0.2885690942619391,1.9020349700725094,dann_matched,banglasarc_binary+ben_sarc_binary,banglasarc_binary,42
4ada8825d771494b,0,0,3.15625,-3.265625,0.9983770329385311,0.0016229670614688403,1.9020349700725094,dann_matched,banglasarc_binary+ben_sarc_binary,banglasarc_binary,42
c3534ae71b682f61,0,0,2.03125,-2.15625,0.98504291340685,0.01495708659314999,1.9020349700725094,dann_matched,banglasarc_binary+ben_sarc_binary,banglasarc_binary,42
26a35d39a12b6b31,0,0,0.95703125,-1.0,0.8762113062841353,0.12378869371586462,1.9020349700725094,dann_matched,banglasarc_binary+ben_sarc_binary,banglasarc_binary,42
3e7a655d80535bc6,0,0,2.890625,-2.90625,0.9969721649754317,0.0030278350245683794,1.9020349700725094,dann_matched,banglasarc_binary+ben_sarc_binary,banglasarc_binary,42
585ed73a485e8599,0,0,2.5,-2.53125,0.9935117304033434,0.006488269596656705,1.9020349700725094,dann_matched,banglasarc_binary+ben_sarc_binary,banglasarc_binary,42
31edc668a06d398b,1,0,0.29296875,-0.24511719,0.6313670457856639,0.36863295421433606,1.9020349700725094,dann_matched,banglasarc_binary+ben_sarc_binary,banglasarc_binary,42
db86a81cf0d37b45,1,1,-2.46875,2.515625,0.006797531550373378,0.9932024684496267,1.9020349700725094,dann_matched,banglasarc_binary+ben_sarc_binary,banglasarc_binary,42
681815e8412f5414,0,0,0.53515625,-0.33398438,0.7045668484781581,0.29543315152184185,1.9020349700725094,dann_matched,banglasarc_binary+ben_sarc_binary,banglasarc_binary,42
9a9bc4b7a502e68d,0,0,2.9375,-2.984375,0.9973269939672114,0.0026730060327886528,1.9020349700725094,dann_matched,banglasarc_binary+ben_sarc_binary,banglasarc_binary,42
56d76f4db37ffedf,0,0,2.734375,-2.75,0.9958660319095476,0.004133968090452445,1.9020349700725094,dann_matched,banglasarc_binary+ben_sarc_binary,banglasarc_binary,42
5ee3b75f2bf678e0,0,0,2.46875,-2.375,0.9921841112107114,0.007815888789288626,1.9020349700725094,dann_matched,banglasarc_binary+ben_sarc_binary,banglasarc_binary,42
e16eca2a4b95302a,0,0,2.71875,-2.53125,0.9947798743064417,0.005220125693558397,1.9020349700725094,dann_matched,banglasarc_binary+ben_sarc_binary,banglasarc_binary,42
14c0fa0cf01b6965,0,0,3.34375,-3.390625,0.9988120945058837,0.001187905494116342,1.9020349700725094,dann_matched,banglasarc_binary+ben_sarc_binary,banglasarc_binary,42
c341081da16e4062,1,0,2.59375,-2.828125,0.9956005868372635,0.00439941316273649,1.9020349700725094,dann_matched,banglasarc_binary+ben_sarc_binary,banglasarc_binary,42
f4ae91391b16f11c,0,0,2.671875,-2.78125,0.9957353653078126,0.0042646346921872726,1.9020349700725094,dann_matched,banglasarc_binary+ben_sarc_binary,banglasarc_binary,42
b5d24066f3ab4983,1,1,-2.453125,2.4375,0.007460643463940165,0.9925393565360598,1.9020349700725094,dann_matched,banglasarc_binary+ben_sarc_binary,banglasarc_binary,42
4dafc95484202b10,0,1,-0.8515625,1.2109375,0.11279540628289324,0.8872045937171068,1.9020349700725094,dann_matched,banglasarc_binary+ben_sarc_binary,banglasarc_binary,42
02a93fdcef6b3b4a,0,0,2.78125,-2.84375,0.9964063974185798,0.0035936025814200896,1.9020349700725094,dann_matched,banglasarc_binary+ben_sarc_binary,banglasarc_binary,42
63dbca8574c8522b,0,0,2.203125,-2.3125,0.9891815513471369,0.010818448652863185,1.9020349700725094,dann_matched,banglasarc_binary+ben_sarc_binary,banglasarc_binary,42
e7ed6f2d14ef8194,0,0,2.84375,-2.78125,0.9964063974185798,0.0035936025814200896,1.9020349700725094,dann_matched,banglasarc_binary+ben_sarc_binary,banglasarc_binary,42
ad5f988b742f7fdb,1,1,-2.375,2.375,0.008577485413711986,0.991422514586288,1.9020349700725094,dann_matched,banglasarc_binary+ben_sarc_binary,banglasarc_binary,42
7220da55ea509f52,0,0,2.6875,-2.453125,0.994180040415741,0.005819959584259008,1.9020349700725094,dann_matched,banglasarc_binary+ben_sarc_binary,banglasarc_binary,42
77f68878ee9a4d03,0,0,3.296875,-3.296875,0.9986329743543437,0.0013670256456563563,1.9020349700725094,dann_matched,banglasarc_binary+ben_sarc_binary,banglasarc_binary,42
add12a44e40f3a92,0,0,2.90625,-2.84375,0.9968273171575148,0.0031726828424851893,1.9020349700725094,dann_matched,banglasarc_binary+ben_sarc_binary,banglasarc_binary,42
75f42ebf75cbee48,1,1,-2.359375,2.40625,0.008445626941126032,0.991554373058874,1.9020349700725094,dann_matched,banglasarc_binary+ben_sarc_binary,banglasarc_binary,42
cc0795a9c875a2da,1,1,-2.21875,2.140625,0.012624949281564409,0.9873750507184357,1.9020349700725094,dann_matched,banglasarc_binary+ben_sarc_binary,banglasarc_binary,42
fb1b88d19a53485f,0,0,0.84375,-0.7578125,0.8322366527818007,0.16776334721819924,1.9020349700725094,dann_matched,banglasarc_binary+ben_sarc_binary,banglasarc_binary,42
b0510f37c78a14ef,0,0,0.28710938,-0.057373047,0.5852789442319655,0.4147210557680346,1.9020349700725094,dann_matched,banglasarc_binary+ben_sarc_binary,banglasarc_binary,42
8f9f57a06e2206bd,1,1,-2.40625,2.390625,0.008187909901696235,0.9918120900983038,1.9020349700725094,dann_matched,banglasarc_binary+ben_sarc_binary,banglasarc_binary,42
cf2d67d9a800b8c0,0,0,3.390625,-3.515625,0.99899949559909,0.0010005044009099887,1.9020349700725094,dann_matched,banglasarc_binary+ben_sarc_binary,banglasarc_binary,42
a9dc5fa63fff9ec7,0,0,2.1875,-2.03125,0.985496420308618,0.014503579691381979,1.9020349700725094,dann_matched,banglasarc_binary+ben_sarc_binary,banglasarc_binary,42
e99c4edf5c0826d6,0,0,3.203125,-3.359375,0.9985896415033819,0.001410358496618023,1.9020349700725094,dann_matched,banglasarc_binary+ben_sarc_binary,banglasarc_binary,42
d1090f8b5ba43662,0,0,3.21875,-3.140625,0.9982725413732704,0.001727458626729702,1.9020349700725094,dann_matched,banglasarc_binary+ben_sarc_binary,banglasarc_binary,42
29b89e49d426d427,0,0,2.953125,-2.984375,0.9973683260251155,0.00263167397488458,1.9020349700725094,dann_matched,banglasarc_binary+ben_sarc_binary,banglasarc_binary,42
cdbe54acfad10687,0,0,1.703125,-1.7421875,0.9690910414827888,0.030908958517211163,1.9020349700725094,dann_matched,banglasarc_binary+ben_sarc_binary,banglasarc_binary,42
5fd08acb841f0e59,1,1,-2.40625,2.328125,0.008711384457705508,0.9912886155422945,1.9020349700725094,dann_matched,banglasarc_binary+ben_sarc_binary,banglasarc_binary,42
70c3bea2bb23c9f4,0,0,3.125,-2.953125,0.9977127723941301,0.002287227605869875,1.9020349700725094,dann_matched,banglasarc_binary+ben_sarc_binary,banglasarc_binary,42
9412a8810cf1ea90,0,0,3.515625,-3.671875,0.9992445943672705,0.0007554056327295276,1.9020349700725094,dann_matched,banglasarc_binary+ben_sarc_binary,banglasarc_binary,42
039be4dd8c6b07da,0,0,1.6953125,-1.75,0.9690910414827888,0.030908958517211163,1.9020349700725094,dann_matched,banglasarc_binary+ben_sarc_binary,banglasarc_binary,42
99383a8de623ef09,1,1,-2.34375,2.34375,0.00912563738918052,0.9908743626108194,1.9020349700725094,dann_matched,banglasarc_binary+ben_sarc_binary,banglasarc_binary,42
60062bfce1e76554,1,1,-2.359375,2.40625,0.008445626941126032,0.991554373058874,1.9020349700725094,dann_matched,banglasarc_binary+ben_sarc_binary,banglasarc_binary,42
74970b8e9b8ebac1,0,0,2.734375,-2.703125,0.9956684979794361,0.00433150202056399,1.9020349700725094,dann_matched,banglasarc_binary+ben_sarc_binary,banglasarc_binary,42
b23796b7107c8d52,0,0,2.875,-2.765625,0.9964619139429115,0.0035380860570885376,1.9020349700725094,dann_matched,banglasarc_binary+ben_sarc_binary,banglasarc_binary,42
b2ee48f35c454d1b,0,0,3.359375,-3.5,0.9989515307328389,0.0010484692671610088,1.9020349700725094,dann_matched,banglasarc_binary+ben_sarc_binary,banglasarc_binary,42
42ba7d08b8b443b3,1,1,-2.328125,2.265625,0.010013570623173138,0.9899864293768268,1.9020349700725094,dann_matched,banglasarc_binary+ben_sarc_binary,banglasarc_binary,42
2d1261d0dd5cbe7c,1,1,-2.375,2.40625,0.008315778477474129,0.9916842215225259,1.9020349700725094,dann_matched,banglasarc_binary+ben_sarc_binary,banglasarc_binary,42
d4d6d727e5e277d7,0,0,2.234375,-2.234375,0.9886682464686385,0.011331753531361453,1.9020349700725094,dann_matched,banglasarc_binary+ben_sarc_binary,banglasarc_binary,42
bbc1b56679e24a08,1,1,-2.21875,2.09375,0.013222821752305148,0.9867771782476948,1.9020349700725094,dann_matched,banglasarc_binary+ben_sarc_binary,banglasarc_binary,42
35b5f0d8c7cb9484,1,1,-2.390625,2.359375,0.008577485413711986,0.991422514586288,1.9020349700725094,dann_matched,banglasarc_binary+ben_sarc_binary,banglasarc_binary,42
012a01d5247cca6d,1,1,-2.078125,1.8671875,0.01897803671176563,0.9810219632882344,1.9020349700725094,dann_matched,banglasarc_binary+ben_sarc_binary,banglasarc_binary,42
807eed9709f53457,0,0,1.9765625,-1.7265625,0.9759464471055739,0.024053552894426178,1.9020349700725094,dann_matched,banglasarc_binary+ben_sarc_binary,banglasarc_binary,42
14f9a7dde0f06b3b,1,1,-2.484375,2.53125,0.006589771663080563,0.9934102283369194,1.9020349700725094,dann_matched,banglasarc_binary+ben_sarc_binary,banglasarc_binary,42
87443bbbd5644425,1,1,-2.34375,2.3125,0.009412589587609823,0.9905874104123901,1.9020349700725094,dann_matched,banglasarc_binary+ben_sarc_binary,banglasarc_binary,42
5756b47e730a4957,0,0,2.5,-2.609375,0.9939964042034285,0.00600359579657149,1.9020349700725094,dann_matched,banglasarc_binary+ben_sarc_binary,banglasarc_binary,42
aeb22fc2ee1140f8,0,0,2.4375,-2.3125,0.991422514586288,0.008577485413711986,1.9020349700725094,dann_matched,banglasarc_binary+ben_sarc_binary,banglasarc_binary,42
c4c8566f6adbb7cf,0,0,2.59375,-2.703125,0.9950177302695786,0.004982269730421259,1.9020349700725094,dann_matched,banglasarc_binary+ben_sarc_binary,banglasarc_binary,42
df95f02552361f21,1,1,-2.46875,2.359375,0.007937994101407319,0.9920620058985926,1.9020349700725094,dann_matched,banglasarc_binary+ben_sarc_binary,banglasarc_binary,42
6eb2c5203f288689,0,0,1.9609375,-2.03125,0.9818752792555313,0.018124720744468643,1.9020349700725094,dann_matched,banglasarc_binary+ben_sarc_binary,banglasarc_binary,42
8e8bcc2bb8ff3789,1,1,-2.5625,2.59375,0.005730246514992079,0.994269753485008,1.9020349700725094,dann_matched,banglasarc_binary+ben_sarc_binary,banglasarc_binary,42
4c78183491878b70,0,0,2.96875,-2.84375,0.9970189672701452,0.0029810327298548972,1.9020349700725094,dann_matched,banglasarc_binary+ben_sarc_binary,banglasarc_binary,42
057903a398442bfb,1,1,-2.53125,2.609375,0.005819959584259008,0.994180040415741,1.9020349700725094,dann_matched,banglasarc_binary+ben_sarc_binary,banglasarc_binary,42
67b1b599fa8134bf,1,1,-2.46875,2.765625,0.00530189486940215,0.994698105130598,1.9020349700725094,dann_matched,banglasarc_binary+ben_sarc_binary,banglasarc_binary,42
668bead7c89ec0a0,0,0,3.125,-3.078125,0.9979809860995514,0.0020190139004485808,1.9020349700725094,dann_matched,banglasarc_binary+ben_sarc_binary,banglasarc_binary,42
c5b635a9c0b793c4,1,1,-2.453125,2.4375,0.007460643463940165,0.9925393565360598,1.9020349700725094,dann_matched,banglasarc_binary+ben_sarc_binary,banglasarc_binary,42
3ce337f78d84c1e5,1,1,-2.34375,2.390625,0.008711384457705508,0.9912886155422945,1.9020349700725094,dann_matched,banglasarc_binary+ben_sarc_binary,banglasarc_binary,42
7f829f65f792530a,0,0,0.1953125,0.0154418945,0.5448468041699372,0.4551531958300627,1.9020349700725094,dann_matched,banglasarc_binary+ben_sarc_binary,banglasarc_binary,42
742d5fabdec45eef,1,1,-2.4375,2.40625,0.007815888789288626,0.9921841112107114,1.9020349700725094,dann_matched,banglasarc_binary+ben_sarc_binary,banglasarc_binary,42
678efbcd3aed215c,0,0,3.125,-3.203125,0.9982178036776337,0.0017821963223663927,1.9020349700725094,dann_matched,banglasarc_binary+ben_sarc_binary,banglasarc_binary,42
27123b76a32cb445,1,1,-2.25,2.21875,0.011331753531361453,0.9886682464686385,1.9020349700725094,dann_matched,banglasarc_binary+ben_sarc_binary,banglasarc_binary,42
739a948392994609,1,1,-2.609375,2.625,0.00530189486940215,0.994698105130598,1.9020349700725094,dann_matched,banglasarc_binary+ben_sarc_binary,banglasarc_binary,42
7221003cd8a8162e,0,0,3.328125,-3.40625,0.9988120945058837,0.001187905494116342,1.9020349700725094,dann_matched,banglasarc_binary+ben_sarc_binary,banglasarc_binary,42
7850c64b1f340e4d,0,0,3.265625,-3.140625,0.9983515170581486,0.001648482941851288,1.9020349700725094,dann_matched,banglasarc_binary+ben_sarc_binary,banglasarc_binary,42
528b7ae56063e7db,0,0,3.09375,-3.15625,0.9980732653366725,0.0019267346633274755,1.9020349700725094,dann_matched,banglasarc_binary+ben_sarc_binary,banglasarc_binary,42
f4952bb202b41fc8,1,1,-2.578125,2.546875,0.005911068856243796,0.9940889311437562,1.9020349700725094,dann_matched,banglasarc_binary+ben_sarc_binary,banglasarc_binary,42
0b30a6798c626106,1,1,-2.140625,2.03125,0.015189048807983947,0.984810951192016,1.9020349700725094,dann_matched,banglasarc_binary+ben_sarc_binary,banglasarc_binary,42
b8ae84aae9aa8365,1,1,-2.296875,2.265625,0.010328152519305191,0.9896718474806949,1.9020349700725094,dann_matched,banglasarc_binary+ben_sarc_binary,banglasarc_binary,42
43daa0f6b4e16204,0,0,2.671875,-2.625,0.9950177302695786,0.004982269730421259,1.9020349700725094,dann_matched,banglasarc_binary+ben_sarc_binary,banglasarc_binary,42
ad33a2368a8bb2a4,0,0,2.65625,-2.484375,0.994180040415741,0.005819959584259008,1.9020349700725094,dann_matched,banglasarc_binary+ben_sarc_binary,banglasarc_binary,42
51097a3ccfa5f424,0,0,1.8046875,-1.796875,0.9734434290045008,0.02655657099549924,1.9020349700725094,dann_matched,banglasarc_binary+ben_sarc_binary,banglasarc_binary,42
0fa5ea46b27c26ef,0,1,-0.18261719,0.3984375,0.35868994620935485,0.6413100537906452,1.9020349700725094,dann_matched,banglasarc_binary+ben_sarc_binary,banglasarc_binary,42
80574d77973ef881,0,0,2.734375,-2.59375,0.9951702782541956,0.0048297217458043405,1.9020349700725094,dann_matched,banglasarc_binary+ben_sarc_binary,banglasarc_binary,42
fbcd51f92b5baa6b,0,0,2.46875,-2.515625,0.9932024684496267,0.006797531550373378,1.9020349700725094,dann_matched,banglasarc_binary+ben_sarc_binary,banglasarc_binary,42
b246ac82c5bff8d1,0,0,1.3671875,-1.4140625,0.941654159388319,0.05834584061168106,1.9020349700725094,dann_matched,banglasarc_binary+ben_sarc_binary,banglasarc_binary,42
483f676f2f51fa6c,1,1,-2.296875,2.375,0.009268013380914325,0.9907319866190857,1.9020349700725094,dann_matched,banglasarc_binary+ben_sarc_binary,banglasarc_binary,42
a2b25f7175a64556,1,1,-2.328125,2.28125,0.009859855303538789,0.9901401446964613,1.9020349700725094,dann_matched,banglasarc_binary+ben_sarc_binary,banglasarc_binary,42
041a05d7c8410c6f,0,0,3.3125,-3.5,0.9989012689270753,0.0010987310729246428,1.9020349700725094,dann_matched,banglasarc_binary+ben_sarc_binary,banglasarc_binary,42
d2c00b5ad4aef0e0,0,0,2.703125,-2.734375,0.9956684979794361,0.00433150202056399,1.9020349700725094,dann_matched,banglasarc_binary+ben_sarc_binary,banglasarc_binary,42
202711520b0332bb,1,1,-2.34375,2.390625,0.008711384457705508,0.9912886155422945,1.9020349700725094,dann_matched,banglasarc_binary+ben_sarc_binary,banglasarc_binary,42
aead102cc3428b5f,0,0,2.03125,-2.09375,0.9840936082881853,0.01590639171181471,1.9020349700725094,dann_matched,banglasarc_binary+ben_sarc_binary,banglasarc_binary,42
a6a90e9cf5443b0d,0,0,3.015625,-3.03125,0.9976403393179369,0.0023596606820630445,1.9020349700725094,dann_matched,banglasarc_binary+ben_sarc_binary,banglasarc_binary,42
be7d899a57a9f91e,0,0,3.328125,-3.5625,0.9989837559589321,0.0010162440410680167,1.9020349700725094,dann_matched,banglasarc_binary+ben_sarc_binary,banglasarc_binary,42
b0587fae5828795c,1,1,-2.234375,2.046875,0.013636835281429876,0.9863631647185701,1.9020349700725094,dann_matched,banglasarc_binary+ben_sarc_binary,banglasarc_binary,42
a2f6ae5f433fd7e9,0,1,-0.36328125,0.29882812,0.3402659290191897,0.6597340709808103,1.9020349700725094,dann_matched,banglasarc_binary+ben_sarc_binary,banglasarc_binary,42
a196ef0db7a0b546,0,0,2.15625,-2.03125,0.98504291340685,0.01495708659314999,1.9020349700725094,dann_matched,banglasarc_binary+ben_sarc_binary,banglasarc_binary,42
38ade54c437bc4d6,1,1,-2.390625,2.375,0.008445626941126032,0.991554373058874,1.9020349700725094,dann_matched,banglasarc_binary+ben_sarc_binary,banglasarc_binary,42
4d919b78dff5d9ac,1,1,-2.359375,2.25,0.009859855303538789,0.9901401446964613,1.9020349700725094,dann_matched,banglasarc_binary+ben_sarc_binary,banglasarc_binary,42
d3991c1c40d9eb4d,0,0,2.109375,-1.984375,0.983596967483837,0.016403032516163058,1.9020349700725094,dann_matched,banglasarc_binary+ben_sarc_binary,banglasarc_binary,42
1b7395f0b0fa9eea,1,1,-2.578125,2.640625,0.0053849379617779605,0.9946150620382221,1.9020349700725094,dann_matched,banglasarc_binary+ben_sarc_binary,banglasarc_binary,42
8f09dae8d4061cee,0,0,2.375,-2.21875,0.9899864293768268,0.010013570623173138,1.9020349700725094,dann_matched,banglasarc_binary+ben_sarc_binary,banglasarc_binary,42
cd7ae65e805cfa83,0,0,2.59375,-2.703125,0.9950177302695786,0.004982269730421259,1.9020349700725094,dann_matched,banglasarc_binary+ben_sarc_binary,banglasarc_binary,42
482c10ea06069ada,1,1,-2.5625,2.5625,0.005911068856243796,0.9940889311437562,1.9020349700725094,dann_matched,banglasarc_binary+ben_sarc_binary,banglasarc_binary,42
b5d15acda1cf7297,1,1,-2.25,2.15625,0.012053779516236447,0.9879462204837635,1.9020349700725094,dann_matched,banglasarc_binary+ben_sarc_binary,banglasarc_binary,42
125b5c79e31735b2,0,1,-0.80078125,1.0546875,0.13523208079351787,0.8647679192064821,1.9020349700725094,dann_matched,banglasarc_binary+ben_sarc_binary,banglasarc_binary,42
5ceda28db8313175,1,1,-2.34375,2.390625,0.008711384457705508,0.9912886155422945,1.9020349700725094,dann_matched,banglasarc_binary+ben_sarc_binary,banglasarc_binary,42
f3703bc3268c81f8,0,0,2.65625,-2.59375,0.9947798743064417,0.005220125693558397,1.9020349700725094,dann_matched,banglasarc_binary+ben_sarc_binary,banglasarc_binary,42
164e03555527a8e1,1,1,-2.53125,2.546875,0.006192990157855187,0.9938070098421449,1.9020349700725094,dann_matched,banglasarc_binary+ben_sarc_binary,banglasarc_binary,42
2a5c4a3643b87850,0,0,2.703125,-2.890625,0.9962927471256138,0.0037072528743862213,1.9020349700725094,dann_matched,banglasarc_binary+ben_sarc_binary,banglasarc_binary,42
789b3f86181e7d9a,0,0,2.765625,-2.953125,0.9967269350293284,0.0032730649706716308,1.9020349700725094,dann_matched,banglasarc_binary+ben_sarc_binary,banglasarc_binary,42
64ea87ae7be5bdad,1,1,-2.296875,2.3125,0.009859855303538789,0.9901401446964613,1.9020349700725094,dann_matched,banglasarc_binary+ben_sarc_binary,banglasarc_binary,42
815bc96b4bb739f8,1,1,-0.22167969,0.328125,0.36590972416905576,0.6340902758309441,1.9020349700725094,dann_matched,banglasarc_binary+ben_sarc_binary,banglasarc_binary,42
862bbdaae7526afd,0,0,3.25,-3.171875,0.9983770329385311,0.0016229670614688403,1.9020349700725094,dann_matched,banglasarc_binary+ben_sarc_binary,banglasarc_binary,42
8d34d817ea7e48ef,0,0,2.6875,-2.8125,0.995929862284104,0.004070137715896127,1.9020349700725094,dann_matched,banglasarc_binary+ben_sarc_binary,banglasarc_binary,42
4891bd3bb19b2719,0,1,-2.265625,2.40625,0.009268013380914325,0.9907319866190857,1.9020349700725094,dann_matched,banglasarc_binary+ben_sarc_binary,banglasarc_binary,42
5a854355f19cc1cb,1,1,-2.4375,2.390625,0.007937994101407319,0.9920620058985926,1.9020349700725094,dann_matched,banglasarc_binary+ben_sarc_binary,banglasarc_binary,42
27902a1d31a474b2,0,0,2.578125,-2.609375,0.994445075296309,0.005554924703691103,1.9020349700725094,dann_matched,banglasarc_binary+ben_sarc_binary,banglasarc_binary,42
429d80f1513a1121,1,1,-1.2109375,1.0625,0.09334687851957546,0.9066531214804244,1.9020349700725094,dann_matched,banglasarc_binary+ben_sarc_binary,banglasarc_binary,42
eb0d72da56441b26,0,0,3.34375,-3.390625,0.9988120945058837,0.001187905494116342,1.9020349700725094,dann_matched,banglasarc_binary+ben_sarc_binary,banglasarc_binary,42
3fa681ac41a70c52,0,0,2.9375,-3.109375,0.9976403393179369,0.0023596606820630445,1.9020349700725094,dann_matched,banglasarc_binary+ben_sarc_binary,banglasarc_binary,42
d045194a050b6eca,0,0,3.125,-3.3125,0.9984021545059827,0.0015978454940173438,1.9020349700725094,dann_matched,banglasarc_binary+ben_sarc_binary,banglasarc_binary,42
617bc1d266f8a5fe,0,1,-0.31640625,0.5859375,0.2885690942619391,0.711430905738061,1.9020349700725094,dann_matched,banglasarc_binary+ben_sarc_binary,banglasarc_binary,42
e9cf1e57199cb60e,0,0,2.5,-2.703125,0.9945307254013009,0.005469274598698993,1.9020349700725094,dann_matched,banglasarc_binary+ben_sarc_binary,banglasarc_binary,42
da7a8cf75b879496,1,1,-2.3125,2.296875,0.009859855303538789,0.9901401446964613,1.9020349700725094,dann_matched,banglasarc_binary+ben_sarc_binary,banglasarc_binary,42
2d642e8c604121d0,1,1,-2.40625,2.40625,0.008061991528271641,0.9919380084717284,1.9020349700725094,dann_matched,banglasarc_binary+ben_sarc_binary,banglasarc_binary,42
5bcb189867f645e1,0,0,2.21875,-2.109375,0.9869795098861571,0.013020490113842825,1.9020349700725094,dann_matched,banglasarc_binary+ben_sarc_binary,banglasarc_binary,42
e42092ba0d249e86,1,1,-2.375,2.28125,0.009412589587609823,0.9905874104123901,1.9020349700725094,dann_matched,banglasarc_binary+ben_sarc_binary,banglasarc_binary,42
3823ba193f130bd8,0,1,-0.59765625,0.89453125,0.18359362263419612,0.8164063773658039,1.9020349700725094,dann_matched,banglasarc_binary+ben_sarc_binary,banglasarc_binary,42
2ee4a7a42611400b,0,0,2.625,-2.453125,0.9938070098421449,0.006192990157855187,1.9020349700725094,dann_matched,banglasarc_binary+ben_sarc_binary,banglasarc_binary,42
12df39bb330b6fa8,0,1,-0.65625,0.94140625,0.16830944120734956,0.8316905587926504,1.9020349700725094,dann_matched,banglasarc_binary+ben_sarc_binary,banglasarc_binary,42
069ba38991d84b9a,0,0,1.984375,-1.75,0.9766692311915195,0.02333076880848049,1.9020349700725094,dann_matched,banglasarc_binary+ben_sarc_binary,banglasarc_binary,42
3b86b11979a0b61a,1,1,-2.265625,2.234375,0.01098694263059318,0.9890130573694068,1.9020349700725094,dann_matched,banglasarc_binary+ben_sarc_binary,banglasarc_binary,42
c5806af532b7a480,0,0,2.25,-2.34375,0.9899864293768268,0.010013570623173138,1.9020349700725094,dann_matched,banglasarc_binary+ben_sarc_binary,banglasarc_binary,42
39aefca608b17433,1,1,-2.515625,2.5625,0.006192990157855187,0.9938070098421449,1.9020349700725094,dann_matched,banglasarc_binary+ben_sarc_binary,banglasarc_binary,42
b06af34266b6e586,1,1,-2.375,2.390625,0.008445626941126032,0.991554373058874,1.9020349700725094,dann_matched,banglasarc_binary+ben_sarc_binary,banglasarc_binary,42
77ca0e6793efd82d,1,1,-2.3125,2.265625,0.010169657753872614,0.9898303422461273,1.9020349700725094,dann_matched,banglasarc_binary+ben_sarc_binary,banglasarc_binary,42
aba1fd00bb08e09d,0,0,3.03125,-3.015625,0.9976403393179369,0.0023596606820630445,1.9020349700725094,dann_matched,banglasarc_binary+ben_sarc_binary,banglasarc_binary,42
c5ed3cdb878d0f9c,0,1,-0.703125,1.0390625,0.14903529447863062,0.8509647055213694,1.9020349700725094,dann_matched,banglasarc_binary+ben_sarc_binary,banglasarc_binary,42
717b14df0f91b710,0,0,2.4375,-2.296875,0.9912886155422945,0.008711384457705508,1.9020349700725094,dann_matched,banglasarc_binary+ben_sarc_binary,banglasarc_binary,42
0acdb4482e6e52c4,0,1,-0.16894531,0.41210938,0.35868994620935485,0.6413100537906452,1.9020349700725094,dann_matched,banglasarc_binary+ben_sarc_binary,banglasarc_binary,42
5f3011e7b6f410a2,0,0,3.328125,-3.359375,0.9987551566979116,0.0012448433020883743,1.9020349700725094,dann_matched,banglasarc_binary+ben_sarc_binary,banglasarc_binary,42
cd7e314ba99b3213,0,0,3.421875,-3.578125,0.9990889488055994,0.0009110511944006454,1.9020349700725094,dann_matched,banglasarc_binary+ben_sarc_binary,banglasarc_binary,42
aa4bd82bcc0644f5,0,0,2.265625,-2.125,0.9877587247081928,0.012241275291807161,1.9020349700725094,dann_matched,banglasarc_binary+ben_sarc_binary,banglasarc_binary,42
be2377b782e7584f,0,1,-1.109375,1.4296875,0.07316472140562331,0.9268352785943768,1.9020349700725094,dann_matched,banglasarc_binary+ben_sarc_binary,banglasarc_binary,42
d1e07fd125f5cc26,0,1,-0.17675781,0.44921875,0.34842339888276763,0.6515766011172324,1.9020349700725094,dann_matched,banglasarc_binary+ben_sarc_binary,banglasarc_binary,42
b9a31b40b8ba4dbc,1,1,-2.34375,2.359375,0.008985428752560176,0.9910145712474399,1.9020349700725094,dann_matched,banglasarc_binary+ben_sarc_binary,banglasarc_binary,42
b5c81ae28eef63b2,1,0,1.2734375,-1.21875,0.923592316649553,0.07640768335044701,1.9020349700725094,dann_matched,banglasarc_binary+ben_sarc_binary,banglasarc_binary,42
826e122189a70a48,1,0,1.0546875,-1.046875,0.8910549527982959,0.108945047201704,1.9020349700725094,dann_matched,banglasarc_binary+ben_sarc_binary,banglasarc_binary,42
79b3b618f188a93a,0,1,-0.24707031,0.609375,0.29808255637136377,0.7019174436286362,1.9020349700725094,dann_matched,banglasarc_binary+ben_sarc_binary,banglasarc_binary,42
6daf23c1086bce22,0,0,3.171875,-3.15625,0.9982178036776337,0.0017821963223663927,1.9020349700725094,dann_matched,banglasarc_binary+ben_sarc_binary,banglasarc_binary,42
7ea6d8811c01da54,1,1,-2.21875,2.125,0.012821214266594244,0.9871787857334058,1.9020349700725094,dann_matched,banglasarc_binary+ben_sarc_binary,banglasarc_binary,42
4f077bb9129dac97,0,1,-0.90234375,1.1953125,0.10932483007763893,0.8906751699223611,1.9020349700725094,dann_matched,banglasarc_binary+ben_sarc_binary,banglasarc_binary,42
abe8a4cf19c835b2,1,1,-2.3125,2.28125,0.010013570623173138,0.9899864293768268,1.9020349700725094,dann_matched,banglasarc_binary+ben_sarc_binary,banglasarc_binary,42
36101f8119887815,0,0,0.45703125,-0.2734375,0.6749081281133934,0.3250918718866066,1.9020349700725094,dann_matched,banglasarc_binary+ben_sarc_binary,banglasarc_binary,42
d56e14e337d5ce25,0,0,2.09375,-1.9375,0.9825575152637948,0.01744248473620534,1.9020349700725094,dann_matched,banglasarc_binary+ben_sarc_binary,banglasarc_binary,42
4936f930ffb78bcc,1,1,-2.40625,2.359375,0.008445626941126032,0.991554373058874,1.9020349700725094,dann_matched,banglasarc_binary+ben_sarc_binary,banglasarc_binary,42
4717f256ee720485,0,0,2.625,-2.609375,0.994698105130598,0.00530189486940215,1.9020349700725094,dann_matched,banglasarc_binary+ben_sarc_binary,banglasarc_binary,42
05c92d9103c1fb1b,0,0,2.328125,-2.40625,0.9912886155422945,0.008711384457705508,1.9020349700725094,dann_matched,banglasarc_binary+ben_sarc_binary,banglasarc_binary,42
77af116706192339,0,0,2.078125,-1.953125,0.9825575152637948,0.01744248473620534,1.9020349700725094,dann_matched,banglasarc_binary+ben_sarc_binary,banglasarc_binary,42
4286f6fd9125c139,0,0,3.46875,-3.6875,0.9992206339069791,0.0007793660930208433,1.9020349700725094,dann_matched,banglasarc_binary+ben_sarc_binary,banglasarc_binary,42
bd688819e5c704b7,0,0,3.1875,-3.125,0.9981897889737974,0.0018102110262026487,1.9020349700725094,dann_matched,banglasarc_binary+ben_sarc_binary,banglasarc_binary,42
aeb03655af2cfcb0,1,1,-2.578125,2.5625,0.005819959584259008,0.994180040415741,1.9020349700725094,dann_matched,banglasarc_binary+ben_sarc_binary,banglasarc_binary,42
7f3b78f5c6edcbb7,0,0,2.828125,-2.765625,0.9962927471256138,0.0037072528743862213,1.9020349700725094,dann_matched,banglasarc_binary+ben_sarc_binary,banglasarc_binary,42
5455f8437bd12a7d,0,0,2.40625,-2.28125,0.9908743626108194,0.00912563738918052,1.9020349700725094,dann_matched,banglasarc_binary+ben_sarc_binary,banglasarc_binary,42
3e096b098d5c04d3,0,0,2.1875,-2.21875,0.9879462204837635,0.012053779516236447,1.9020349700725094,dann_matched,banglasarc_binary+ben_sarc_binary,banglasarc_binary,42
be28be0f9af3c9c8,0,0,2.609375,-2.28125,0.9925393565360598,0.007460643463940165,1.9020349700725094,dann_matched,banglasarc_binary+ben_sarc_binary,banglasarc_binary,42
9fda75245ffabde5,0,0,0.60546875,-0.47460938,0.7465087674839027,0.25349123251609723,1.9020349700725094,dann_matched,banglasarc_binary+ben_sarc_binary,banglasarc_binary,42
3188264f618fa5c5,0,0,2.0,-2.078125,0.983342959990771,0.01665704000922906,1.9020349700725094,dann_matched,banglasarc_binary+ben_sarc_binary,banglasarc_binary,42
d6c449f599aac4d9,0,1,-0.98828125,1.34375,0.08850466206993421,0.9114953379300658,1.9020349700725094,dann_matched,banglasarc_binary+ben_sarc_binary,banglasarc_binary,42
aac32b65124f67c1,1,1,-2.3125,2.296875,0.009859855303538789,0.9901401446964613,1.9020349700725094,dann_matched,banglasarc_binary+ben_sarc_binary,banglasarc_binary,42
5d3c23493c514ae4,1,1,-2.34375,2.28125,0.009708476481474066,0.9902915235185259,1.9020349700725094,dann_matched,banglasarc_binary+ben_sarc_binary,banglasarc_binary,42
617aa6feb8a290a2,0,1,-1.0390625,1.4375,0.07751765647688268,0.9224823435231172,1.9020349700725094,dann_matched,banglasarc_binary+ben_sarc_binary,banglasarc_binary,42
72aa78ea6600ed1f,0,0,2.5,-2.65625,0.994269753485008,0.005730246514992079,1.9020349700725094,dann_matched,banglasarc_binary+ben_sarc_binary,banglasarc_binary,42
cf8aff1ae39fd630,1,1,-2.3125,2.296875,0.009859855303538789,0.9901401446964613,1.9020349700725094,dann_matched,banglasarc_binary+ben_sarc_binary,banglasarc_binary,42
117e5fc8bfc89ed8,1,1,-2.25,2.09375,0.012821214266594244,0.9871787857334058,1.9020349700725094,dann_matched,banglasarc_binary+ben_sarc_binary,banglasarc_binary,42
15fb06cbc3983477,1,1,-2.28125,2.21875,0.01098694263059318,0.9890130573694068,1.9020349700725094,dann_matched,banglasarc_binary+ben_sarc_binary,banglasarc_binary,42
3ad45eb2e626d614,0,0,2.515625,-2.328125,0.9921841112107114,0.007815888789288626,1.9020349700725094,dann_matched,banglasarc_binary+ben_sarc_binary,banglasarc_binary,42
7eb1330ae99cdbaf,1,1,-2.484375,2.421875,0.007345826574477061,0.9926541734255229,1.9020349700725094,dann_matched,banglasarc_binary+ben_sarc_binary,banglasarc_binary,42
e8c676e9bf1a36b9,0,0,0.85546875,-0.81640625,0.8418256472515684,0.1581743527484317,1.9020349700725094,dann_matched,banglasarc_binary+ben_sarc_binary,banglasarc_binary,42
8c3523c5ec9de991,0,0,2.71875,-2.546875,0.9948603889024311,0.005139611097568844,1.9020349700725094,dann_matched,banglasarc_binary+ben_sarc_binary,banglasarc_binary,42
0052cc1212dc198e,0,1,-0.9453125,1.3203125,0.09401017961657226,0.9059898203834277,1.9020349700725094,dann_matched,banglasarc_binary+ben_sarc_binary,banglasarc_binary,42
411ba40b6f7429dc,1,1,-2.328125,2.296875,0.009708476481474066,0.9902915235185259,1.9020349700725094,dann_matched,banglasarc_binary+ben_sarc_binary,banglasarc_binary,42
e871535bbfa774fd,0,0,3.265625,-3.078125,0.9982453855899006,0.001754614410099487,1.9020349700725094,dann_matched,banglasarc_binary+ben_sarc_binary,banglasarc_binary,42
3e818b76f3b15f1c,1,1,-2.296875,2.234375,0.010652510839726164,0.9893474891602738,1.9020349700725094,dann_matched,banglasarc_binary+ben_sarc_binary,banglasarc_binary,42
a676e295a1d805df,0,0,3.40625,-3.578125,0.9990746151133504,0.0009253848866495988,1.9020349700725094,dann_matched,banglasarc_binary+ben_sarc_binary,banglasarc_binary,42
af5973a0665db4f3,0,0,2.4375,-2.390625,0.9920620058985926,0.007937994101407319,1.9020349700725094,dann_matched,banglasarc_binary+ben_sarc_binary,banglasarc_binary,42
3f2dd03ad78dda7e,0,0,2.125,-2.28125,0.9879462204837635,0.012053779516236447,1.9020349700725094,dann_matched,banglasarc_binary+ben_sarc_binary,banglasarc_binary,42
6b9ddffa430f33fb,1,1,-1.6171875,1.640625,0.037047168669075196,0.9629528313309248,1.9020349700725094,dann_matched,banglasarc_binary+ben_sarc_binary,banglasarc_binary,42
b11a70311ad25d27,1,1,-1.6953125,1.390625,0.04369106064046812,0.956308939359532,1.9020349700725094,dann_matched,banglasarc_binary+ben_sarc_binary,banglasarc_binary,42
1f003581e389e45d,0,0,2.296875,-2.140625,0.9883127420043056,0.011687257995694434,1.9020349700725094,dann_matched,banglasarc_binary+ben_sarc_binary,banglasarc_binary,42
f92d251a49c36bc2,0,0,3.0625,-2.78125,0.9971104189822263,0.002889581017773627,1.9020349700725094,dann_matched,banglasarc_binary+ben_sarc_binary,banglasarc_binary,42
67a5438c96bb65e5,0,0,3.328125,-3.484375,0.9989012689270753,0.0010987310729246428,1.9020349700725094,dann_matched,banglasarc_binary+ben_sarc_binary,banglasarc_binary,42
1ca5d793dd010dd2,0,0,2.671875,-2.515625,0.994445075296309,0.005554924703691103,1.9020349700725094,dann_matched,banglasarc_binary+ben_sarc_binary,banglasarc_binary,42
b34703f387f80e34,0,1,-1.15625,1.5625,0.061875985723642724,0.9381240142763573,1.9020349700725094,dann_matched,banglasarc_binary+ben_sarc_binary,banglasarc_binary,42
8fd5a75133e6ad6a,0,0,3.125,-3.40625,0.9985449370614672,0.001455062938532843,1.9020349700725094,dann_matched,banglasarc_binary+ben_sarc_binary,banglasarc_binary,42
77d5ae43fe00865d,1,1,-2.34375,2.28125,0.009708476481474066,0.9902915235185259,1.9020349700725094,dann_matched,banglasarc_binary+ben_sarc_binary,banglasarc_binary,42
97da5462956299f7,1,1,-2.375,2.21875,0.010013570623173138,0.9899864293768268,1.9020349700725094,dann_matched,banglasarc_binary+ben_sarc_binary,banglasarc_binary,42
25b53febe8afd38d,0,0,3.15625,-3.203125,0.9982725413732704,0.001727458626729702,1.9020349700725094,dann_matched,banglasarc_binary+ben_sarc_binary,banglasarc_binary,42
184583df0cf9e7c4,0,0,3.515625,-3.5625,0.9991573576912437,0.0008426423087564059,1.9020349700725094,dann_matched,banglasarc_binary+ben_sarc_binary,banglasarc_binary,42
115abfe8665d15b4,0,0,2.828125,-2.734375,0.9961755163553627,0.0038244836446372104,1.9020349700725094,dann_matched,banglasarc_binary+ben_sarc_binary,banglasarc_binary,42
495a5ba0169cbf72,0,0,2.40625,-2.21875,0.9902915235185259,0.009708476481474066,1.9020349700725094,dann_matched,banglasarc_binary+ben_sarc_binary,banglasarc_binary,42
953ab56ab2ff0287,0,0,2.78125,-2.828125,0.9963500129687901,0.003649987031209837,1.9020349700725094,dann_matched,banglasarc_binary+ben_sarc_binary,banglasarc_binary,42
f89c76359c61bf2f,0,0,2.796875,-2.75,0.9961155234512341,0.003884476548765805,1.9020349700725094,dann_matched,banglasarc_binary+ben_sarc_binary,banglasarc_binary,42
b9d1416adf0d1bef,0,0,1.90625,-2.140625,0.9828232909876817,0.017176709012318405,1.9020349700725094,dann_matched,banglasarc_binary+ben_sarc_binary,banglasarc_binary,42
5f736a3f16cb19ec,1,1,-2.3125,2.3125,0.009708476481474066,0.9902915235185259,1.9020349700725094,dann_matched,banglasarc_binary+ben_sarc_binary,banglasarc_binary,42
112589d79de4ef7b,0,0,3.34375,-3.484375,0.9989182847472744,0.0010817152527255937,1.9020349700725094,dann_matched,banglasarc_binary+ben_sarc_binary,banglasarc_binary,42
9d5bf5176ba74275,0,0,3.265625,-3.3125,0.99861147672431,0.0013885232756900101,1.9020349700725094,dann_matched,banglasarc_binary+ben_sarc_binary,banglasarc_binary,42
64167bc037ae963d,0,0,1.984375,-2.046875,0.9825575152637948,0.01744248473620534,1.9020349700725094,dann_matched,banglasarc_binary+ben_sarc_binary,banglasarc_binary,42
b31fc7a5eec1750f,0,0,2.421875,-2.296875,0.9911526449170697,0.008847355082930386,1.9020349700725094,dann_matched,banglasarc_binary+ben_sarc_binary,banglasarc_binary,42
e9291349fabfc7a6,1,1,-2.34375,2.34375,0.00912563738918052,0.9908743626108194,1.9020349700725094,dann_matched,banglasarc_binary+ben_sarc_binary,banglasarc_binary,42
daf8a41a555e8724,0,1,-0.828125,1.109375,0.12592276483513232,0.8740772351648677,1.9020349700725094,dann_matched,banglasarc_binary+ben_sarc_binary,banglasarc_binary,42
791eca2dd3056cb9,0,0,3.375,-3.484375,0.9989515307328389,0.0010484692671610088,1.9020349700725094,dann_matched,banglasarc_binary+ben_sarc_binary,banglasarc_binary,42
8a86d367fdff21ee,1,1,-2.296875,2.234375,0.010652510839726164,0.9893474891602738,1.9020349700725094,dann_matched,banglasarc_binary+ben_sarc_binary,banglasarc_binary,42
ec19490954dc3037,1,1,-2.359375,2.375,0.008711384457705508,0.9912886155422945,1.9020349700725094,dann_matched,banglasarc_binary+ben_sarc_binary,banglasarc_binary,42
0338548cbb82df11,1,1,-1.4375,1.375,0.05665242530797383,0.9433475746920261,1.9020349700725094,dann_matched,banglasarc_binary+ben_sarc_binary,banglasarc_binary,42
9e6b80b60dd68157,1,1,-1.84375,1.984375,0.021287351793451054,0.9787126482065489,1.9020349700725094,dann_matched,banglasarc_binary+ben_sarc_binary,banglasarc_binary,42
47cdd1b611a60687,0,1,-0.6328125,1.0390625,0.1581743527484317,0.8418256472515684,1.9020349700725094,dann_matched,banglasarc_binary+ben_sarc_binary,banglasarc_binary,42
0c252bb9df32d6fe,1,1,-2.28125,2.296875,0.010169657753872614,0.9898303422461273,1.9020349700725094,dann_matched,banglasarc_binary+ben_sarc_binary,banglasarc_binary,42
9b847adc63858291,0,0,2.203125,-1.828125,0.9825575152637948,0.01744248473620534,1.9020349700725094,dann_matched,banglasarc_binary+ben_sarc_binary,banglasarc_binary,42
6a34956e076ea206,1,1,-2.390625,2.421875,0.008061991528271641,0.9919380084717284,1.9020349700725094,dann_matched,banglasarc_binary+ben_sarc_binary,banglasarc_binary,42
105937d30653775f,1,1,-2.359375,2.328125,0.00912563738918052,0.9908743626108194,1.9020349700725094,dann_matched,banglasarc_binary+ben_sarc_binary,banglasarc_binary,42
e7a85111ff0f4bc7,1,1,-2.296875,2.328125,0.009708476481474066,0.9902915235185259,1.9020349700725094,dann_matched,banglasarc_binary+ben_sarc_binary,banglasarc_binary,42
67455438da0dd40a,0,0,0.88671875,-0.8046875,0.8444090059229068,0.15559099407709326,1.9020349700725094,dann_matched,banglasarc_binary+ben_sarc_binary,banglasarc_binary,42
2415474d6505b0e2,0,0,3.515625,-3.609375,0.9991959140643708,0.0008040859356292355,1.9020349700725094,dann_matched,banglasarc_binary+ben_sarc_binary,banglasarc_binary,42
5e3a672511ad1cca,0,0,3.234375,-3.1875,0.9983770329385311,0.0016229670614688403,1.9020349700725094,dann_matched,banglasarc_binary+ben_sarc_binary,banglasarc_binary,42
f8f58278df8c30c0,0,0,0.8984375,-0.91015625,0.8591918303320635,0.14080816966793647,1.9020349700725094,dann_matched,banglasarc_binary+ben_sarc_binary,banglasarc_binary,42
acaf2d1679a1b27d,1,1,-2.359375,2.375,0.008711384457705508,0.9912886155422945,1.9020349700725094,dann_matched,banglasarc_binary+ben_sarc_binary,banglasarc_binary,42
d7d68098eedda5b4,0,0,2.71875,-2.59375,0.9950945942942779,0.004905405705722035,1.9020349700725094,dann_matched,banglasarc_binary+ben_sarc_binary,banglasarc_binary,42
5e6e09afd5b23683,1,1,-2.390625,2.375,0.008445626941126032,0.991554373058874,1.9020349700725094,dann_matched,banglasarc_binary+ben_sarc_binary,banglasarc_binary,42
cc7c47de2f954779,0,0,2.453125,-2.328125,0.9916842215225259,0.008315778477474129,1.9020349700725094,dann_matched,banglasarc_binary+ben_sarc_binary,banglasarc_binary,42
